Id,Cardinality
1,82
2,15
3,4
4,95
5,36
6,32
7,29
8,18
9,95
10,14
11,87
12,95
13,70
14,12
15,76
16,55
17,5
18,4
19,12
20,28
21,30
22,65
23,78
24,4
25,72
26,26
27,92
28,84
29,90
30,70
31,54
32,29
33,58
34,76
35,36
36,1
37,98
38,21
39,90
40,55
41,44
42,36
43,20
44,28
45,98
46,44
47,14
48,12
49,49
50,13
51,46
52,45
53,78
54,34
55,6
56,94
57,59
58,69
59,16
60,49
61,11
62,71
63,38
64,81
65,80
66,47
67,74
68,25
69,91
70,9
71,6
72,85
73,30
74,99
75,38
76,11
77,30
78,13
79,49
80,36
81,59
82,82
83,47
84,21
85,48
86,46
87,27
88,86
89,35
90,90
91,88
92,83
93,10
94,78
95,82
96,22
97,69
98,94
99,32
100,21
101,60
102,49
103,35
104,82
105,89
106,72
107,29
108,88
109,42
110,99
111,100
112,8
113,30
114,5
115,41
116,52
117,35
118,9
119,28
120,73
121,92
122,41
123,28
124,84
125,64
126,51
127,83
128,59
129,19
130,34
131,18
132,32
133,96
134,72
135,69
136,34
137,96
138,75
139,55
140,75
141,52
142,47
143,29
144,18
145,66
146,64
147,12
148,97
149,7
150,15
151,20
152,81
153,21
154,88
155,55
156,77
157,9
158,50
159,49
160,77
161,60
162,68
163,33
164,71
165,2
166,88
167,93
168,15
169,88
170,69
171,97
172,35
173,99
174,83
175,44
176,15
177,38
178,56
179,21
180,59
181,1
182,93
183,93
184,34
185,65
186,98
187,23
188,65
189,14
190,81
191,39
192,82
193,65
194,78
195,26
196,20
197,48
198,98
199,21
200,70
201,100
202,68
203,1
204,77
205,42
206,63
207,3
208,15
209,47
210,40
211,31
212,8
213,31
214,73
215,11
216,11
217,94
218,63
219,9
220,98
221,69
222,99
223,17
224,17
225,85
226,61
227,71
228,22
229,34
230,68
231,78
232,55
233,28
234,70
235,97
236,94
237,89
238,26
239,92
240,40
241,52
242,86
243,84
244,48
245,57
246,67
247,58
248,16
249,32
250,29
251,9
252,44
253,3
254,76
255,71
256,30
257,76
258,29
259,1
260,10
261,91
262,81
263,8
264,30
265,9
266,5
267,43
268,10
269,66
270,31
271,36
272,86
273,63
274,28
275,70
276,17
277,93
278,74
279,74
280,61
281,32
282,61
283,53
284,25
285,13
286,13
287,85
288,56
289,46
290,55
291,53
292,60
293,94
294,7
295,87
296,84
297,83
298,13
299,8
300,52
301,94
302,44
303,14
304,32
305,25
306,25
307,69
308,58
309,18
310,55
311,24
312,36
313,60
314,32
315,10
316,57
317,71
318,13
319,7
320,84
321,70
322,2
323,12
324,97
325,31
326,22
327,53
328,63
329,62
330,28
331,52
332,8
333,22
334,49
335,1
336,50
337,34
338,59
339,37
340,55
341,90
342,94
343,72
344,85
345,92
346,63
347,20
348,25
349,38
350,28
351,8
352,75
353,95
354,70
355,8
356,96
357,41
358,8
359,7
360,75
361,62
362,65
363,68
364,21
365,8
366,66
367,11
368,24
369,9
370,77
371,9
372,87
373,31
374,52
375,16
376,73
377,32
378,75
379,77
380,6
381,80
382,11
383,54
384,85
385,75
386,73
387,67
388,41
389,34
390,27
391,86
392,92
393,41
394,31
395,34
396,51
397,17
398,86
399,83
400,39
401,59
402,41
403,97
404,10
405,2
406,59
407,80
408,73
409,13
410,10
411,69
412,28
413,65
414,34
415,17
416,45
417,9
418,32
419,48
420,37
421,21
422,57
423,70
424,91
425,39
426,79
427,84
428,68
429,2
430,86
431,71
432,39
433,85
434,14
435,18
436,34
437,15
438,14
439,96
440,71
441,20
442,35
443,37
444,78
445,27
446,92
447,44
448,27
449,88
450,82
451,34
452,65
453,63
454,33
455,7
456,12
457,82
458,55
459,36
460,6
461,1
462,43
463,99
464,17
465,82
466,34
467,21
468,95
469,57
470,71
471,91
472,55
473,72
474,2
475,15
476,10
477,89
478,20
479,70
480,5
481,48
482,75
483,71
484,19
485,56
486,17
487,6
488,40
489,47
490,6
491,46
492,27
493,88
494,32
495,86
496,14
497,46
498,100
499,72
500,53
501,80
502,96
503,20
504,31
505,21
506,23
507,53
508,4
509,23
510,95
511,43
512,53
513,86
514,95
515,32
516,35
517,21
518,90
519,14
520,49
521,5
522,61
523,29
524,26
525,59
526,45
527,40
528,30
529,29
530,4
531,85
532,25
533,52
534,43
535,36
536,9
537,99
538,36
539,45
540,83
541,66
542,52
543,87
544,69
545,43
546,4
547,15
548,34
549,23
550,75
551,34
552,5
553,14
554,77
555,56
556,45
557,94
558,41
559,56
560,78
561,66
562,15
563,50
564,74
565,25
566,33
567,6
568,91
569,56
570,1
571,67
572,69
573,88
574,93
575,95
576,95
577,86
578,26
579,47
580,56
581,9
582,86
583,43
584,80
585,41
586,85
587,16
588,93
589,39
590,65
591,40
592,86
593,53
594,42
595,52
596,90
597,38
598,71
599,17
600,25
601,54
602,86
603,49
604,87
605,96
606,23
607,79
608,73
609,39
610,52
611,71
612,1
613,39
614,37
615,27
616,56
617,75
618,78
619,84
620,42
621,60
622,57
623,57
624,87
625,28
626,66
627,61
628,95
629,22
630,85
631,11
632,37
633,66
634,85
635,82
636,80
637,43
638,12
639,97
640,31
641,87
642,40
643,29
644,26
645,19
646,4
647,6
648,32
649,61
650,79
651,99
652,10
653,59
654,54
655,81
656,74
657,25
658,92
659,90
660,50
661,64
662,52
663,32
664,19
665,84
666,89
667,1
668,97
669,99
670,14
671,100
672,55
673,29
674,23
675,90
676,67
677,60
678,7
679,72
680,32
681,16
682,59
683,18
684,60
685,86
686,68
687,72
688,77
689,41
690,97
691,57
692,79
693,93
694,65
695,55
696,71
697,58
698,21
699,96
700,61
701,58
702,34
703,97
704,32
705,82
706,36
707,99
708,100
709,67
710,63
711,81
712,31
713,36
714,57
715,10
716,92
717,37
718,31
719,35
720,43
721,41
722,70
723,11
724,18
725,20
726,30
727,50
728,89
729,20
730,91
731,28
732,9
733,54
734,53
735,43
736,70
737,60
738,54
739,8
740,27
741,54
742,50
743,99
744,75
745,90
746,3
747,98
748,74
749,49
750,62
751,1
752,46
753,39
754,97
755,50
756,54
757,69
758,96
759,95
760,70
761,78
762,29
763,63
764,29
765,35
766,56
767,63
768,4
769,50
770,44
771,86
772,87
773,52
774,93
775,22
776,60
777,17
778,80
779,69
780,4
781,51
782,76
783,73
784,85
785,4
786,11
787,83
788,55
789,18
790,60
791,24
792,7
793,34
794,49
795,42
796,28
797,59
798,42
799,44
800,98
801,49
802,36
803,97
804,54
805,33
806,11
807,61
808,3
809,96
810,70
811,7
812,45
813,29
814,84
815,9
816,100
817,84
818,6
819,97
820,4
821,32
822,26
823,3
824,80
825,20
826,31
827,17
828,61
829,86
830,15
831,73
832,28
833,60
834,90
835,33
836,99
837,48
838,22
839,78
840,78
841,96
842,92
843,15
844,100
845,21
846,40
847,14
848,75
849,4
850,40
851,74
852,87
853,49
854,51
855,92
856,26
857,10
858,76
859,89
860,81
861,32
862,14
863,90
864,99
865,39
866,88
867,77
868,16
869,73
870,6
871,45
872,69
873,55
874,85
875,48
876,9
877,65
878,83
879,44
880,2
881,54
882,63
883,14
884,56
885,47
886,82
887,59
888,91
889,20
890,56
891,23
892,94
893,67
894,84
895,35
896,79
897,69
898,100
899,62
900,60
901,56
902,94
903,76
904,35
905,42
906,32
907,12
908,36
909,58
910,32
911,97
912,60
913,73
914,79
915,86
916,49
917,44
918,4
919,64
920,42
921,24
922,63
923,28
924,46
925,34
926,44
927,36
928,77
929,90
930,36
931,72
932,2
933,67
934,25
935,11
936,31
937,93
938,53
939,63
940,72
941,98
942,31
943,89
944,61
945,83
946,92
947,63
948,58
949,3
950,12
951,38
952,29
953,52
954,89
955,32
956,40
957,85
958,75
959,48
960,61
961,71
962,68
963,45
964,55
965,96
966,71
967,43
968,46
969,90
970,59
971,35
972,40
973,33
974,30
975,16
976,93
977,25
978,41
979,16
980,96
981,69
982,98
983,89
984,24
985,25
986,28
987,95
988,62
989,36
990,93
991,76
992,98
993,68
994,77
995,37
996,13
997,25
998,38
999,30
1000,47
1001,23
1002,39
1003,2
1004,91
1005,69
1006,17
1007,36
1008,6
1009,7
1010,71
1011,38
1012,90
1013,17
1014,82
1015,97
1016,63
1017,14
1018,2
1019,74
1020,37
1021,61
1022,62
1023,57
1024,44
1025,24
1026,7
1027,33
1028,62
1029,15
1030,9
1031,52
1032,63
1033,10
1034,74
1035,81
1036,88
1037,7
1038,20
1039,20
1040,73
1041,39
1042,11
1043,32
1044,16
1045,72
1046,98
1047,54
1048,78
1049,77
1050,80
1051,29
1052,100
1053,67
1054,49
1055,58
1056,57
1057,39
1058,76
1059,55
1060,40
1061,73
1062,80
1063,8
1064,79
1065,95
1066,13
1067,98
1068,27
1069,81
1070,28
1071,34
1072,85
1073,11
1074,21
1075,31
1076,23
1077,71
1078,10
1079,21
1080,1
1081,53
1082,58
1083,89
1084,77
1085,61
1086,38
1087,5
1088,30
1089,37
1090,91
1091,37
1092,90
1093,59
1094,10
1095,88
1096,30
1097,34
1098,81
1099,76
1100,85
1101,26
1102,55
1103,15
1104,70
1105,29
1106,83
1107,20
1108,35
1109,19
1110,10
1111,8
1112,22
1113,40
1114,77
1115,96
1116,73
1117,37
1118,57
1119,16
1120,60
1121,89
1122,39
1123,90
1124,52
1125,35
1126,65
1127,70
1128,64
1129,57
1130,11
1131,77
1132,6
1133,56
1134,95
1135,42
1136,78
1137,33
1138,4
1139,12
1140,30
1141,87
1142,74
1143,76
1144,3
1145,98
1146,87
1147,35
1148,74
1149,6
1150,98
1151,97
1152,23
1153,61
1154,67
1155,84
1156,57
1157,36
1158,24
1159,75
1160,56
1161,82
1162,63
1163,12
1164,61
1165,45
1166,53
1167,43
1168,42
1169,86
1170,14
1171,21
1172,43
1173,53
1174,89
1175,64
1176,37
1177,85
1178,52
1179,98
1180,71
1181,5
1182,59
1183,12
1184,41
1185,33
1186,42
1187,15
1188,99
1189,52
1190,66
1191,1
1192,85
1193,70
1194,60
1195,53
1196,7
1197,25
1198,67
1199,47
1200,80
1201,97
1202,64
1203,81
1204,57
1205,98
1206,7
1207,27
1208,35
1209,71
1210,17
1211,37
1212,57
1213,90
1214,63
1215,16
1216,4
1217,81
1218,78
1219,31
1220,91
1221,21
1222,40
1223,71
1224,2
1225,71
1226,53
1227,12
1228,29
1229,15
1230,60
1231,16
1232,83
1233,20
1234,64
1235,92
1236,38
1237,66
1238,91
1239,35
1240,54
1241,62
1242,61
1243,32
1244,59
1245,71
1246,19
1247,50
1248,25
1249,77
1250,66
1251,96
1252,18
1253,9
1254,36
1255,99
1256,54
1257,44
1258,65
1259,35
1260,1
1261,37
1262,93
1263,39
1264,76
1265,75
1266,85
1267,63
1268,20
1269,58
1270,69
1271,62
1272,45
1273,43
1274,71
1275,98
1276,70
1277,49
1278,59
1279,42
1280,25
1281,90
1282,31
1283,74
1284,50
1285,30
1286,100
1287,53
1288,6
1289,41
1290,96
1291,61
1292,91
1293,49
1294,50
1295,85
1296,84
1297,20
1298,64
1299,5
1300,17
1301,65
1302,76
1303,43
1304,13
1305,57
1306,13
1307,68
1308,59
1309,2
1310,93
1311,19
1312,53
1313,84
1314,20
1315,10
1316,61
1317,34
1318,44
1319,80
1320,89
1321,51
1322,84
1323,11
1324,43
1325,87
1326,69
1327,49
1328,41
1329,81
1330,92
1331,98
1332,63
1333,70
1334,5
1335,80
1336,9
1337,31
1338,81
1339,88
1340,37
1341,30
1342,96
1343,12
1344,56
1345,13
1346,98
1347,82
1348,91
1349,13
1350,57
1351,22
1352,89
1353,39
1354,4
1355,6
1356,42
1357,8
1358,38
1359,46
1360,48
1361,56
1362,19
1363,32
1364,68
1365,53
1366,73
1367,88
1368,24
1369,22
1370,23
1371,11
1372,79
1373,49
1374,80
1375,88
1376,31
1377,64
1378,75
1379,19
1380,30
1381,60
1382,82
1383,33
1384,59
1385,33
1386,86
1387,2
1388,60
1389,37
1390,87
1391,70
1392,21
1393,10
1394,57
1395,45
1396,76
1397,39
1398,82
1399,55
1400,89
1401,33
1402,59
1403,39
1404,26
1405,50
1406,62
1407,14
1408,31
1409,49
1410,74
1411,46
1412,74
1413,38
1414,90
1415,38
1416,3
1417,85
1418,51
1419,36
1420,2
1421,73
1422,88
1423,100
1424,96
1425,7
1426,78
1427,96
1428,64
1429,37
1430,100
1431,30
1432,78
1433,46
1434,29
1435,82
1436,25
1437,80
1438,33
1439,87
1440,97
1441,93
1442,99
1443,85
1444,88
1445,18
1446,81
1447,13
1448,81
1449,83
1450,6
1451,40
1452,57
1453,5
1454,75
1455,47
1456,94
1457,17
1458,12
1459,38
1460,42
1461,96
1462,54
1463,23
1464,26
1465,17
1466,70
1467,47
1468,68
1469,65
1470,35
1471,22
1472,33
1473,62
1474,38
1475,96
1476,44
1477,15
1478,60
1479,10
1480,19
1481,97
1482,29
1483,87
1484,93
1485,87
1486,51
1487,72
1488,47
1489,12
1490,51
1491,2
1492,34
1493,69
1494,16
1495,59
1496,48
1497,87
1498,96
1499,87
1500,34
1501,75
1502,49
1503,82
1504,48
1505,14
1506,87
1507,30
1508,61
1509,4
1510,80
1511,72
1512,42
1513,79
1514,29
1515,83
1516,9
1517,82
1518,60
1519,90
1520,39
1521,84
1522,53
1523,15
1524,18
1525,6
1526,5
1527,39
1528,64
1529,15
1530,13
1531,31
1532,69
1533,18
1534,50
1535,59
1536,48
1537,86
1538,96
1539,90
1540,70
1541,54
1542,76
1543,96
1544,94
1545,20
1546,54
1547,84
1548,13
1549,63
1550,79
1551,53
1552,36
1553,5
1554,89
1555,48
1556,28
1557,57
1558,57
1559,31
1560,47
1561,13
1562,88
1563,48
1564,70
1565,83
1566,46
1567,8
1568,51
1569,36
1570,25
1571,16
1572,59
1573,12
1574,85
1575,28
1576,83
1577,82
1578,77
1579,3
1580,7
1581,43
1582,32
1583,17
1584,73
1585,27
1586,9
1587,98
1588,71
1589,27
1590,76
1591,28
1592,30
1593,43
1594,100
1595,19
1596,77
1597,1
1598,36
1599,19
1600,17
1601,70
1602,33
1603,23
1604,15
1605,85
1606,4
1607,17
1608,2
1609,46
1610,31
1611,76
1612,42
1613,3
1614,23
1615,34
1616,7
1617,17
1618,95
1619,54
1620,68
1621,15
1622,96
1623,9
1624,61
1625,58
1626,100
1627,47
1628,66
1629,76
1630,14
1631,58
1632,65
1633,29
1634,79
1635,6
1636,94
1637,85
1638,67
1639,39
1640,59
1641,83
1642,4
1643,8
1644,62
1645,52
1646,55
1647,88
1648,14
1649,63
1650,92
1651,57
1652,10
1653,11
1654,42
1655,78
1656,19
1657,9
1658,17
1659,36
1660,80
1661,82
1662,75
1663,71
1664,92
1665,42
1666,49
1667,77
1668,68
1669,38
1670,59
1671,65
1672,78
1673,56
1674,13
1675,90
1676,15
1677,84
1678,84
1679,99
1680,71
1681,93
1682,28
1683,56
1684,58
1685,30
1686,53
1687,44
1688,59
1689,52
1690,54
1691,94
1692,13
1693,41
1694,55
1695,41
1696,86
1697,33
1698,48
1699,20
1700,88
1701,61
1702,9
1703,12
1704,11
1705,12
1706,56
1707,13
1708,96
1709,95
1710,48
1711,17
1712,72
1713,8
1714,76
1715,72
1716,72
1717,43
1718,86
1719,16
1720,53
1721,46
1722,86
1723,97
1724,55
1725,93
1726,7
1727,37
1728,77
1729,40
1730,46
1731,14
1732,74
1733,65
1734,28
1735,20
1736,85
1737,62
1738,29
1739,14
1740,45
1741,72
1742,48
1743,15
1744,98
1745,36
1746,74
1747,29
1748,55
1749,72
1750,99
1751,80
1752,79
1753,87
1754,83
1755,72
1756,4
1757,78
1758,85
1759,89
1760,35
1761,4
1762,24
1763,35
1764,90
1765,98
1766,40
1767,44
1768,45
1769,1
1770,24
1771,19
1772,73
1773,85
1774,52
1775,9
1776,19
1777,95
1778,82
1779,4
1780,12
1781,96
1782,68
1783,28
1784,49
1785,54
1786,59
1787,44
1788,21
1789,48
1790,40
1791,93
1792,42
1793,100
1794,73
1795,77
1796,11
1797,7
1798,20
1799,21
1800,97
1801,80
1802,7
1803,87
1804,11
1805,35
1806,57
1807,85
1808,55
1809,63
1810,78
1811,57
1812,54
1813,35
1814,28
1815,97
1816,66
1817,15
1818,45
1819,56
1820,15
1821,37
1822,87
1823,87
1824,76
1825,63
1826,68
1827,86
1828,40
1829,6
1830,29
1831,51
1832,77
1833,8
1834,1
1835,27
1836,39
1837,28
1838,99
1839,18
1840,98
1841,33
1842,38
1843,42
1844,16
1845,1
1846,64
1847,96
1848,56
1849,23
1850,17
1851,49
1852,69
1853,91
1854,30
1855,65
1856,72
1857,86
1858,46
1859,10
1860,51
1861,95
1862,6
1863,56
1864,3
1865,59
1866,10
1867,41
1868,74
1869,55
1870,74
1871,52
1872,91
1873,82
1874,54
1875,38
1876,15
1877,52
1878,3
1879,42
1880,22
1881,80
1882,59
1883,89
1884,47
1885,12
1886,56
1887,14
1888,32
1889,56
1890,76
1891,52
1892,68
1893,11
1894,51
1895,40
1896,96
1897,44
1898,29
1899,43
1900,100
1901,22
1902,10
1903,66
1904,82
1905,15
1906,68
1907,66
1908,25
1909,100
1910,45
1911,45
1912,94
1913,83
1914,19
1915,31
1916,14
1917,19
1918,33
1919,26
1920,23
1921,78
1922,20
1923,98
1924,98
1925,84
1926,10
1927,23
1928,99
1929,81
1930,64
1931,60
1932,97
1933,73
1934,98
1935,75
1936,58
1937,88
1938,73
1939,83
1940,82
1941,80
1942,42
1943,81
1944,41
1945,20
1946,57
1947,9
1948,61
1949,57
1950,81
1951,39
1952,36
1953,76
1954,8
1955,46
1956,65
1957,10
1958,40
1959,60
1960,58
1961,5
1962,8
1963,48
1964,37
1965,10
1966,83
1967,12
1968,79
1969,77
1970,65
1971,50
1972,60
1973,75
1974,71
1975,95
1976,6
1977,58
1978,74
1979,84
1980,25
1981,42
1982,78
1983,61
1984,65
1985,20
1986,8
1987,58
1988,14
1989,44
1990,92
1991,11
1992,65
1993,83
1994,23
1995,6
1996,32
1997,91
1998,57
1999,57
2000,68
2001,67
2002,79
2003,21
2004,47
2005,48
2006,37
2007,50
2008,53
2009,100
2010,44
2011,87
2012,77
2013,7
2014,81
2015,83
2016,43
2017,9
2018,43
2019,13
2020,72
2021,87
2022,50
2023,37
2024,33
2025,93
2026,85
2027,78
2028,20
2029,43
2030,11
2031,75
2032,85
2033,19
2034,45
2035,40
2036,84
2037,90
2038,85
2039,51
2040,17
2041,77
2042,91
2043,11
2044,40
2045,72
2046,49
2047,83
2048,43
2049,17
2050,86
2051,90
2052,95
2053,88
2054,68
2055,12
2056,83
2057,86
2058,55
2059,66
2060,47
2061,3
2062,47
2063,40
2064,24
2065,28
2066,44
2067,99
2068,63
2069,25
2070,29
2071,18
2072,20
2073,10
2074,38
2075,13
2076,65
2077,99
2078,70
2079,95
2080,68
2081,5
2082,85
2083,44
2084,99
2085,80
2086,17
2087,77
2088,49
2089,20
2090,21
2091,24
2092,89
2093,99
2094,80
2095,22
2096,93
2097,57
2098,6
2099,53
2100,47
2101,87
2102,93
2103,31
2104,57
2105,79
2106,37
2107,97
2108,96
2109,58
2110,30
2111,69
2112,31
2113,40
2114,61
2115,25
2116,48
2117,87
2118,74
2119,57
2120,60
2121,99
2122,37
2123,100
2124,49
2125,65
2126,68
2127,54
2128,21
2129,26
2130,78
2131,18
2132,33
2133,7
2134,83
2135,62
2136,48
2137,71
2138,14
2139,92
2140,67
2141,16
2142,37
2143,11
2144,98
2145,21
2146,35
2147,58
2148,66
2149,19
2150,56
2151,12
2152,29
2153,58
2154,45
2155,4
2156,54
2157,7
2158,51
2159,65
2160,48
2161,31
2162,50
2163,11
2164,48
2165,29
2166,4
2167,41
2168,13
2169,92
2170,84
2171,43
2172,19
2173,18
2174,5
2175,37
2176,61
2177,90
2178,18
2179,98
2180,91
2181,61
2182,58
2183,79
2184,1
2185,11
2186,3
2187,33
2188,28
2189,20
2190,71
2191,94
2192,78
2193,68
2194,55
2195,15
2196,100
2197,37
2198,31
2199,39
2200,16
2201,7
2202,31
2203,54
2204,82
2205,80
2206,59
2207,9
2208,15
2209,64
2210,77
2211,69
2212,3
2213,81
2214,66
2215,74
2216,31
2217,92
2218,19
2219,38
2220,55
2221,1
2222,79
2223,46
2224,31
2225,74
2226,54
2227,24
2228,86
2229,86
2230,11
2231,68
2232,47
2233,9
2234,68
2235,70
2236,65
2237,65
2238,71
2239,3
2240,50
2241,61
2242,6
2243,82
2244,50
2245,48
2246,33
2247,96
2248,3
2249,46
2250,9
2251,45
2252,31
2253,94
2254,85
2255,81
2256,14
2257,99
2258,75
2259,95
2260,97
2261,43
2262,18
2263,6
2264,46
2265,70
2266,44
2267,83
2268,23
2269,100
2270,88
2271,60
2272,90
2273,62
2274,81
2275,24
2276,18
2277,9
2278,92
2279,100
2280,59
2281,5
2282,38
2283,26
2284,6
2285,26
2286,6
2287,41
2288,40
2289,66
2290,51
2291,70
2292,61
2293,33
2294,5
2295,97
2296,83
2297,25
2298,37
2299,46
2300,100
2301,7
2302,84
2303,43
2304,35
2305,16
2306,48
2307,56
2308,52
2309,96
2310,57
2311,50
2312,44
2313,24
2314,64
2315,89
2316,64
2317,48
2318,67
2319,35
2320,11
2321,94
2322,55
2323,11
2324,56
2325,78
2326,24
2327,70
2328,38
2329,42
2330,14
2331,11
2332,42
2333,85
2334,38
2335,40
2336,58
2337,78
2338,92
2339,55
2340,22
2341,89
2342,57
2343,45
2344,58
2345,6
2346,94
2347,46
2348,79
2349,56
2350,36
2351,82
2352,8
2353,10
2354,86
2355,82
2356,52
2357,47
2358,66
2359,96
2360,87
2361,21
2362,4
2363,19
2364,78
2365,87
2366,57
2367,5
2368,17
2369,9
2370,31
2371,100
2372,83
2373,47
2374,47
2375,50
2376,73
2377,5
2378,78
2379,20
2380,87
2381,58
2382,48
2383,48
2384,57
2385,98
2386,10
2387,74
2388,18
2389,68
2390,47
2391,51
2392,41
2393,84
2394,36
2395,32
2396,15
2397,4
2398,95
2399,24
2400,64
2401,67
2402,50
2403,72
2404,16
2405,34
2406,100
2407,34
2408,91
2409,58
2410,28
2411,79
2412,37
2413,89
2414,63
2415,26
2416,16
2417,18
2418,10
2419,58
2420,23
2421,92
2422,57
2423,12
2424,88
2425,41
2426,86
2427,45
2428,91
2429,9
2430,71
2431,70
2432,38
2433,39
2434,21
2435,92
2436,91
2437,90
2438,82
2439,23
2440,47
2441,66
2442,29
2443,16
2444,26
2445,18
2446,31
2447,64
2448,4
2449,47
2450,71
2451,74
2452,48
2453,60
2454,71
2455,17
2456,79
2457,12
2458,9
2459,40
2460,51
2461,92
2462,93
2463,62
2464,68
2465,53
2466,99
2467,53
2468,74
2469,10
2470,17
2471,41
2472,83
2473,10
2474,58
2475,60
2476,88
2477,67
2478,45
2479,17
2480,100
2481,71
2482,82
2483,76
2484,24
2485,99
2486,17
2487,56
2488,65
2489,8
2490,16
2491,67
2492,20
2493,39
2494,22
2495,21
2496,42
2497,91
2498,29
2499,45
2500,67
2501,37
2502,11
2503,33
2504,26
2505,82
2506,71
2507,36
2508,17
2509,81
2510,39
2511,79
2512,69
2513,12
2514,65
2515,83
2516,22
2517,76
2518,75
2519,20
2520,22
2521,85
2522,80
2523,93
2524,78
2525,44
2526,73
2527,6
2528,4
2529,11
2530,6
2531,83
2532,99
2533,74
2534,34
2535,84
2536,27
2537,99
2538,74
2539,54
2540,80
2541,82
2542,4
2543,64
2544,81
2545,70
2546,38
2547,83
2548,39
2549,62
2550,32
2551,88
2552,52
2553,39
2554,59
2555,10
2556,89
2557,8
2558,21
2559,57
2560,54
2561,62
2562,60
2563,27
2564,44
2565,78
2566,19
2567,41
2568,92
2569,41
2570,94
2571,45
2572,52
2573,17
2574,98
2575,48
2576,66
2577,72
2578,14
2579,41
2580,31
2581,60
2582,16
2583,35
2584,58
2585,32
2586,19
2587,13
2588,7
2589,38
2590,50
2591,79
2592,54
2593,32
2594,21
2595,42
2596,74
2597,93
2598,41
2599,25
2600,98
2601,21
2602,64
2603,66
2604,60
2605,64
2606,40
2607,64
2608,3
2609,12
2610,51
2611,65
2612,59
2613,31
2614,28
2615,75
2616,46
2617,7
2618,7
2619,37
2620,64
2621,77
2622,84
2623,87
2624,61
2625,37
2626,69
2627,2
2628,14
2629,56
2630,18
2631,34
2632,94
2633,47
2634,98
2635,52
2636,47
2637,6
2638,52
2639,7
2640,73
2641,72
2642,25
2643,47
2644,71
2645,37
2646,10
2647,50
2648,65
2649,58
2650,98
2651,71
2652,36
2653,80
2654,88
2655,79
2656,16
2657,17
2658,13
2659,51
2660,48
2661,44
2662,72
2663,47
2664,97
2665,19
2666,26
2667,78
2668,66
2669,52
2670,65
2671,6
2672,6
2673,5
2674,18
2675,92
2676,43
2677,61
2678,67
2679,59
2680,20
2681,78
2682,66
2683,18
2684,42
2685,79
2686,41
2687,21
2688,51
2689,79
2690,95
2691,39
2692,76
2693,44
2694,65
2695,66
2696,69
2697,63
2698,91
2699,73
2700,39
2701,61
2702,3
2703,48
2704,43
2705,87
2706,15
2707,54
2708,75
2709,40
2710,93
2711,89
2712,81
2713,4
2714,77
2715,61
2716,34
2717,84
2718,100
2719,75
2720,74
2721,30
2722,93
2723,7
2724,75
2725,62
2726,22
2727,68
2728,81
2729,93
2730,80
2731,100
2732,49
2733,19
2734,88
2735,32
2736,5
2737,74
2738,90
2739,15
2740,25
2741,3
2742,57
2743,41
2744,54
2745,20
2746,53
2747,89
2748,27
2749,53
2750,65
2751,100
2752,79
2753,61
2754,95
2755,94
2756,8
2757,91
2758,18
2759,67
2760,27
2761,72
2762,42
2763,85
2764,62
2765,68
2766,49
2767,41
2768,23
2769,59
2770,69
2771,44
2772,70
2773,46
2774,87
2775,99
2776,93
2777,88
2778,83
2779,89
2780,34
2781,79
2782,62
2783,25
2784,32
2785,36
2786,72
2787,39
2788,29
2789,39
2790,99
2791,37
2792,91
2793,27
2794,89
2795,91
2796,63
2797,41
2798,62
2799,45
2800,72
2801,93
2802,36
2803,37
2804,16
2805,74
2806,87
2807,70
2808,49
2809,51
2810,45
2811,99
2812,19
2813,38
2814,6
2815,37
2816,92
2817,11
2818,45
2819,57
2820,84
2821,33
2822,96
2823,62
2824,28
2825,26
2826,69
2827,35
2828,72
2829,90
2830,35
2831,18
2832,14
2833,79
2834,95
2835,76
2836,31
2837,32
2838,7
2839,86
2840,68
2841,29
2842,82
2843,30
2844,7
2845,13
2846,53
2847,43
2848,92
2849,61
2850,13
2851,88
2852,99
2853,18
2854,1
2855,71
2856,21
2857,53
2858,84
2859,61
2860,62
2861,84
2862,26
2863,97
2864,37
2865,42
2866,37
2867,83
2868,8
2869,99
2870,12
2871,84
2872,74
2873,30
2874,69
2875,95
2876,93
2877,5
2878,23
2879,54
2880,23
2881,5
2882,51
2883,64
2884,24
2885,96
2886,38
2887,5
2888,2
2889,39
2890,73
2891,78
2892,14
2893,43
2894,37
2895,59
2896,83
2897,70
2898,68
2899,64
2900,18
2901,65
2902,60
2903,35
2904,25
2905,15
2906,43
2907,21
2908,94
2909,59
2910,83
2911,33
2912,92
2913,24
2914,2
2915,95
2916,44
2917,38
2918,73
2919,87
2920,97
2921,25
2922,23
2923,79
2924,82
2925,52
2926,55
2927,66
2928,42
2929,12
2930,52
2931,86
2932,13
2933,24
2934,18
2935,62
2936,42
2937,32
2938,1
2939,34
2940,50
2941,31
2942,58
2943,97
2944,35
2945,43
2946,39
2947,75
2948,93
2949,74
2950,2
2951,34
2952,84
2953,47
2954,89
2955,31
2956,8
2957,86
2958,16
2959,60
2960,40
2961,21
2962,52
2963,88
2964,65
2965,91
2966,99
2967,40
2968,89
2969,16
2970,82
2971,38
2972,48
2973,79
2974,29
2975,29
2976,18
2977,62
2978,20
2979,59
2980,96
2981,78
2982,48
2983,54
2984,90
2985,71
2986,61
2987,97
2988,69
2989,86
2990,28
2991,98
2992,32
2993,88
2994,97
2995,77
2996,11
2997,68
2998,58
2999,68
3000,91
3001,47
3002,10
3003,73
3004,15
3005,8
3006,71
3007,65
3008,26
3009,74
3010,69
3011,20
3012,22
3013,42
3014,67
3015,57
3016,15
3017,88
3018,27
3019,92
3020,75
3021,63
3022,12
3023,66
3024,58
3025,8
3026,59
3027,17
3028,66
3029,54
3030,59
3031,73
3032,8
3033,72
3034,60
3035,87
3036,40
3037,93
3038,3
3039,51
3040,33
3041,1
3042,96
3043,28
3044,75
3045,10
3046,6
3047,55
3048,45
3049,90
3050,9
3051,70
3052,8
3053,9
3054,61
3055,5
3056,37
3057,53
3058,24
3059,99
3060,18
3061,99
3062,83
3063,94
3064,83
3065,54
3066,48
3067,49
3068,58
3069,49
3070,49
3071,11
3072,88
3073,85
3074,70
3075,18
3076,84
3077,45
3078,16
3079,23
3080,69
3081,51
3082,68
3083,17
3084,94
3085,29
3086,1
3087,97
3088,3
3089,39
3090,60
3091,87
3092,93
3093,70
3094,55
3095,69
3096,49
3097,30
3098,32
3099,59
3100,45
3101,20
3102,36
3103,25
3104,93
3105,98
3106,15
3107,5
3108,85
3109,54
3110,79
3111,99
3112,3
3113,31
3114,27
3115,9
3116,13
3117,77
3118,5
3119,58
3120,77
3121,87
3122,91
3123,7
3124,32
3125,95
3126,6
3127,52
3128,57
3129,30
3130,70
3131,28
3132,97
3133,100
3134,8
3135,18
3136,65
3137,38
3138,30
3139,94
3140,74
3141,41
3142,74
3143,77
3144,99
3145,87
3146,42
3147,31
3148,39
3149,19
3150,85
3151,67
3152,29
3153,53
3154,39
3155,36
3156,8
3157,72
3158,76
3159,95
3160,23
3161,81
3162,87
3163,55
3164,72
3165,64
3166,7
3167,45
3168,83
3169,86
3170,49
3171,68
3172,41
3173,90
3174,54
3175,53
3176,20
3177,39
3178,49
3179,24
3180,97
3181,69
3182,61
3183,31
3184,29
3185,39
3186,91
3187,19
3188,60
3189,8
3190,72
3191,53
3192,54
3193,72
3194,68
3195,18
3196,50
3197,32
3198,33
3199,27
3200,43
3201,83
3202,11
3203,58
3204,48
3205,12
3206,69
3207,93
3208,25
3209,7
3210,35
3211,49
3212,87
3213,78
3214,78
3215,6
3216,10
3217,25
3218,98
3219,76
3220,93
3221,86
3222,72
3223,28
3224,62
3225,27
3226,43
3227,39
3228,2
3229,28
3230,25
3231,95
3232,16
3233,96
3234,97
3235,62
3236,32
3237,90
3238,78
3239,91
3240,27
3241,51
3242,31
3243,71
3244,42
3245,100
3246,37
3247,49
3248,60
3249,69
3250,84
3251,46
3252,40
3253,34
3254,47
3255,66
3256,64
3257,60
3258,13
3259,93
3260,61
3261,98
3262,41
3263,27
3264,48
3265,41
3266,53
3267,6
3268,73
3269,29
3270,95
3271,19
3272,3
3273,34
3274,71
3275,75
3276,75
3277,93
3278,54
3279,38
3280,20
3281,26
3282,43
3283,30
3284,49
3285,73
3286,32
3287,64
3288,71
3289,84
3290,88
3291,44
3292,33
3293,98
3294,63
3295,93
3296,83
3297,95
3298,63
3299,59
3300,22
3301,94
3302,46
3303,22
3304,18
3305,93
3306,70
3307,63
3308,24
3309,70
3310,83
3311,8
3312,68
3313,5
3314,10
3315,86
3316,7
3317,98
3318,1
3319,53
3320,18
3321,81
3322,30
3323,9
3324,91
3325,20
3326,2
3327,28
3328,65
3329,59
3330,48
3331,8
3332,80
3333,82
3334,86
3335,79
3336,62
3337,85
3338,63
3339,3
3340,1
3341,69
3342,71
3343,53
3344,2
3345,3
3346,68
3347,93
3348,36
3349,69
3350,37
3351,3
3352,65
3353,90
3354,87
3355,56
3356,23
3357,14
3358,13
3359,68
3360,20
3361,31
3362,25
3363,80
3364,68
3365,33
3366,46
3367,35
3368,51
3369,11
3370,48
3371,52
3372,59
3373,73
3374,32
3375,90
3376,29
3377,39
3378,88
3379,11
3380,84
3381,84
3382,98
3383,5
3384,12
3385,52
3386,49
3387,49
3388,71
3389,61
3390,8
3391,82
3392,2
3393,90
3394,22
3395,11
3396,64
3397,56
3398,83
3399,43
3400,73
3401,13
3402,68
3403,6
3404,30
3405,28
3406,89
3407,73
3408,61
3409,35
3410,6
3411,10
3412,88
3413,36
3414,70
3415,73
3416,85
3417,5
3418,23
3419,41
3420,3
3421,27
3422,76
3423,19
3424,97
3425,92
3426,51
3427,10
3428,39
3429,21
3430,73
3431,31
3432,73
3433,50
3434,87
3435,70
3436,43
3437,50
3438,97
3439,95
3440,18
3441,89
3442,93
3443,11
3444,65
3445,96
3446,45
3447,7
3448,13
3449,56
3450,30
3451,10
3452,44
3453,78
3454,99
3455,79
3456,77
3457,51
3458,100
3459,42
3460,4
3461,82
3462,35
3463,58
3464,63
3465,30
3466,46
3467,71
3468,49
3469,56
3470,24
3471,88
3472,75
3473,85
3474,49
3475,11
3476,99
3477,80
3478,38
3479,32
3480,92
3481,10
3482,11
3483,35
3484,20
3485,49
3486,92
3487,82
3488,20
3489,95
3490,50
3491,41
3492,47
3493,14
3494,12
3495,1
3496,40
3497,57
3498,47
3499,98
3500,35
3501,14
3502,17
3503,12
3504,24
3505,56
3506,58
3507,72
3508,72
3509,66
3510,53
3511,14
3512,4
3513,12
3514,46
3515,71
3516,12
3517,77
3518,77
3519,42
3520,50
3521,2
3522,38
3523,53
3524,50
3525,100
3526,11
3527,93
3528,72
3529,32
3530,74
3531,67
3532,22
3533,88
3534,49
3535,22
3536,18
3537,35
3538,39
3539,35
3540,64
3541,19
3542,9
3543,22
3544,56
3545,36
3546,54
3547,39
3548,62
3549,10
3550,47
3551,33
3552,32
3553,93
3554,81
3555,64
3556,77
3557,79
3558,26
3559,59
3560,14
3561,18
3562,39
3563,1
3564,51
3565,43
3566,80
3567,49
3568,43
3569,57
3570,43
3571,56
3572,84
3573,77
3574,18
3575,39
3576,42
3577,78
3578,89
3579,26
3580,62
3581,41
3582,23
3583,51
3584,41
3585,38
3586,95
3587,89
3588,82
3589,63
3590,74
3591,32
3592,42
3593,49
3594,36
3595,51
3596,47
3597,15
3598,73
3599,26
3600,76
3601,70
3602,24
3603,88
3604,99
3605,71
3606,4
3607,94
3608,60
3609,91
3610,27
3611,57
3612,38
3613,89
3614,9
3615,53
3616,87
3617,64
3618,18
3619,82
3620,39
3621,31
3622,33
3623,85
3624,20
3625,92
3626,55
3627,49
3628,10
3629,58
3630,77
3631,62
3632,75
3633,52
3634,69
3635,65
3636,89
3637,54
3638,70
3639,5
3640,47
3641,90
3642,69
3643,77
3644,82
3645,11
3646,14
3647,99
3648,32
3649,85
3650,86
3651,46
3652,22
3653,83
3654,79
3655,6
3656,73
3657,83
3658,87
3659,83
3660,52
3661,97
3662,43
3663,56
3664,14
3665,2
3666,13
3667,34
3668,29
3669,66
3670,96
3671,67
3672,72
3673,75
3674,89
3675,74
3676,29
3677,58
3678,48
3679,51
3680,60
3681,99
3682,87
3683,76
3684,89
3685,65
3686,20
3687,45
3688,4
3689,62
3690,14
3691,38
3692,54
3693,11
3694,15
3695,94
3696,19
3697,45
3698,40
3699,44
3700,59
3701,27
3702,67
3703,62
3704,45
3705,61
3706,13
3707,57
3708,93
3709,90
3710,58
3711,41
3712,9
3713,39
3714,6
3715,91
3716,15
3717,3
3718,44
3719,83
3720,14
3721,87
3722,22
3723,95
3724,32
3725,67
3726,23
3727,71
3728,21
3729,43
3730,72
3731,55
3732,60
3733,30
3734,52
3735,81
3736,24
3737,24
3738,82
3739,85
3740,56
3741,51
3742,4
3743,95
3744,79
3745,26
3746,58
3747,76
3748,55
3749,50
3750,1
3751,91
3752,28
3753,27
3754,36
3755,97
3756,91
3757,9
3758,74
3759,14
3760,69
3761,24
3762,47
3763,42
3764,26
3765,59
3766,15
3767,34
3768,86
3769,63
3770,68
3771,82
3772,41
3773,77
3774,50
3775,79
3776,51
3777,76
3778,15
3779,45
3780,46
3781,59
3782,80
3783,23
3784,87
3785,91
3786,39
3787,79
3788,76
3789,11
3790,87
3791,18
3792,41
3793,16
3794,31
3795,40
3796,15
3797,24
3798,48
3799,89
3800,19
3801,66
3802,50
3803,54
3804,77
3805,18
3806,74
3807,50
3808,55
3809,24
3810,63
3811,82
3812,69
3813,89
3814,83
3815,23
3816,72
3817,22
3818,63
3819,37
3820,18
3821,24
3822,41
3823,58
3824,80
3825,7
3826,46
3827,2
3828,63
3829,18
3830,25
3831,50
3832,72
3833,65
3834,84
3835,64
3836,53
3837,88
3838,63
3839,54
3840,91
3841,57
3842,63
3843,22
3844,11
3845,73
3846,4
3847,98
3848,29
3849,38
3850,5
3851,36
3852,29
3853,69
3854,37
3855,22
3856,100
3857,59
3858,73
3859,96
3860,99
3861,99
3862,64
3863,71
3864,66
3865,15
3866,74
3867,15
3868,35
3869,100
3870,70
3871,47
3872,70
3873,97
3874,6
3875,98
3876,93
3877,57
3878,70
3879,28
3880,55
3881,14
3882,95
3883,84
3884,97
3885,32
3886,39
3887,5
3888,58
3889,34
3890,45
3891,12
3892,57
3893,16
3894,100
3895,31
3896,27
3897,95
3898,76
3899,89
3900,45
3901,91
3902,79
3903,81
3904,55
3905,22
3906,79
3907,18
3908,27
3909,27
3910,8
3911,73
3912,45
3913,69
3914,36
3915,77
3916,69
3917,22
3918,42
3919,91
3920,38
3921,38
3922,74
3923,35
3924,66
3925,87
3926,13
3927,18
3928,97
3929,53
3930,8
3931,36
3932,84
3933,17
3934,90
3935,17
3936,32
3937,19
3938,92
3939,42
3940,32
3941,98
3942,87
3943,51
3944,63
3945,19
3946,74
3947,81
3948,35
3949,81
3950,54
3951,49
3952,58
3953,10
3954,82
3955,99
3956,12
3957,52
3958,66
3959,96
3960,36
3961,89
3962,48
3963,59
3964,63
3965,42
3966,75
3967,1
3968,100
3969,94
3970,12
3971,94
3972,59
3973,82
3974,86
3975,90
3976,46
3977,9
3978,69
3979,51
3980,28
3981,55
3982,28
3983,64
3984,35
3985,42
3986,37
3987,44
3988,71
3989,74
3990,17
3991,73
3992,63
3993,44
3994,88
3995,98
3996,7
3997,6
3998,13
3999,81
4000,59
4001,3
4002,16
4003,21
4004,57
4005,59
4006,1
4007,55
4008,26
4009,89
4010,17
4011,84
4012,39
4013,21
4014,36
4015,12
4016,84
4017,47
4018,33
4019,11
4020,48
4021,86
4022,84
4023,22
4024,7
4025,51
4026,81
4027,40
4028,93
4029,90
4030,97
4031,30
4032,55
4033,84
4034,12
4035,91
4036,13
4037,1
4038,28
4039,62
4040,10
4041,17
4042,76
4043,29
4044,67
4045,88
4046,57
4047,2
4048,2
4049,90
4050,44
4051,16
4052,55
4053,89
4054,17
4055,62
4056,10
4057,30
4058,50
4059,12
4060,94
4061,14
4062,14
4063,41
4064,48
4065,39
4066,18
4067,49
4068,100
4069,97
4070,18
4071,83
4072,87
4073,19
4074,9
4075,68
4076,73
4077,2
4078,79
4079,84
4080,22
4081,57
4082,45
4083,93
4084,28
4085,81
4086,96
4087,20
4088,53
4089,79
4090,88
4091,57
4092,28
4093,12
4094,13
4095,18
4096,97
4097,16
4098,76
4099,94
4100,50
4101,45
4102,55
4103,41
4104,18
4105,32
4106,36
4107,83
4108,11
4109,32
4110,71
4111,77
4112,77
4113,93
4114,78
4115,37
4116,100
4117,89
4118,4
4119,85
4120,39
4121,27
4122,67
4123,78
4124,66
4125,25
4126,96
4127,51
4128,38
4129,83
4130,7
4131,31
4132,64
4133,50
4134,15
4135,31
4136,64
4137,82
4138,77
4139,10
4140,68
4141,2
4142,47
4143,41
4144,17
4145,50
4146,73
4147,54
4148,47
4149,70
4150,88
4151,23
4152,98
4153,61
4154,99
4155,10
4156,3
4157,76
4158,9
4159,2
4160,34
4161,28
4162,6
4163,8
4164,51
4165,65
4166,37
4167,81
4168,92
4169,65
4170,99
4171,54
4172,55
4173,90
4174,52
4175,11
4176,82
4177,69
4178,69
4179,79
4180,20
4181,36
4182,11
4183,40
4184,11
4185,66
4186,27
4187,20
4188,69
4189,42
4190,51
4191,76
4192,82
4193,98
4194,84
4195,88
4196,83
4197,9
4198,40
4199,90
4200,56
4201,94
4202,31
4203,8
4204,32
4205,12
4206,56
4207,15
4208,59
4209,79
4210,78
4211,8
4212,40
4213,86
4214,95
4215,85
4216,95
4217,23
4218,16
4219,2
4220,91
4221,18
4222,90
4223,2
4224,21
4225,64
4226,45
4227,67
4228,67
4229,93
4230,34
4231,22
4232,48
4233,17
4234,96
4235,100
4236,35
4237,94
4238,16
4239,99
4240,4
4241,43
4242,55
4243,35
4244,68
4245,9
4246,34
4247,92
4248,74
4249,81
4250,10
4251,64
4252,59
4253,66
4254,47
4255,8
4256,64
4257,73
4258,22
4259,48
4260,21
4261,33
4262,99
4263,14
4264,74
4265,87
4266,93
4267,15
4268,30
4269,95
4270,66
4271,1
4272,6
4273,2
4274,32
4275,6
4276,61
4277,47
4278,50
4279,20
4280,23
4281,5
4282,71
4283,92
4284,95
4285,84
4286,54
4287,29
4288,42
4289,32
4290,54
4291,93
4292,41
4293,35
4294,10
4295,74
4296,48
4297,16
4298,65
4299,87
4300,7
4301,23
4302,29
4303,67
4304,6
4305,52
4306,9
4307,60
4308,37
4309,100
4310,40
4311,42
4312,12
4313,71
4314,59
4315,2
4316,48
4317,26
4318,38
4319,73
4320,39
4321,95
4322,80
4323,32
4324,60
4325,48
4326,76
4327,64
4328,99
4329,100
4330,26
4331,94
4332,70
4333,98
4334,32
4335,20
4336,1
4337,53
4338,4
4339,30
4340,70
4341,45
4342,82
4343,89
4344,2
4345,43
4346,1
4347,98
4348,85
4349,49
4350,95
4351,94
4352,40
4353,14
4354,27
4355,68
4356,31
4357,54
4358,63
4359,8
4360,19
4361,92
4362,36
4363,12
4364,6
4365,30
4366,67
4367,53
4368,90
4369,48
4370,59
4371,96
4372,11
4373,75
4374,13
4375,65
4376,18
4377,82
4378,51
4379,10
4380,76
4381,73
4382,8
4383,56
4384,85
4385,17
4386,31
4387,38
4388,34
4389,41
4390,51
4391,90
4392,95
4393,42
4394,41
4395,58
4396,35
4397,30
4398,10
4399,26
4400,18
4401,100
4402,99
4403,75
4404,14
4405,20
4406,14
4407,22
4408,58
4409,60
4410,41
4411,53
4412,16
4413,69
4414,46
4415,99
4416,27
4417,58
4418,40
4419,60
4420,34
4421,16
4422,12
4423,21
4424,88
4425,39
4426,91
4427,90
4428,78
4429,6
4430,28
4431,42
4432,19
4433,12
4434,92
4435,32
4436,46
4437,51
4438,66
4439,7
4440,87
4441,39
4442,34
4443,23
4444,4
4445,52
4446,58
4447,72
4448,96
4449,71
4450,32
4451,13
4452,60
4453,14
4454,18
4455,16
4456,2
4457,8
4458,100
4459,29
4460,17
4461,26
4462,52
4463,48
4464,88
4465,81
4466,83
4467,11
4468,75
4469,76
4470,34
4471,10
4472,3
4473,9
4474,26
4475,83
4476,57
4477,17
4478,12
4479,43
4480,16
4481,6
4482,60
4483,7
4484,22
4485,74
4486,56
4487,93
4488,51
4489,64
4490,4
4491,49
4492,88
4493,55
4494,23
4495,46
4496,28
4497,24
4498,36
4499,36
4500,58
4501,20
4502,5
4503,79
4504,80
4505,79
4506,32
4507,83
4508,38
4509,64
4510,53
4511,71
4512,62
4513,8
4514,12
4515,36
4516,50
4517,18
4518,54
4519,26
4520,83
4521,68
4522,32
4523,81
4524,70
4525,3
4526,49
4527,92
4528,46
4529,62
4530,70
4531,63
4532,45
4533,73
4534,65
4535,42
4536,50
4537,35
4538,24
4539,4
4540,41
4541,77
4542,29
4543,4
4544,100
4545,36
4546,8
4547,61
4548,68
4549,46
4550,99
4551,75
4552,30
4553,21
4554,13
4555,32
4556,85
4557,31
4558,35
4559,69
4560,95
4561,8
4562,98
4563,29
4564,74
4565,50
4566,46
4567,23
4568,23
4569,31
4570,76
4571,41
4572,95
4573,90
4574,46
4575,76
4576,4
4577,91
4578,90
4579,46
4580,73
4581,73
4582,19
4583,73
4584,25
4585,64
4586,70
4587,40
4588,23
4589,63
4590,5
4591,12
4592,8
4593,30
4594,78
4595,29
4596,3
4597,68
4598,62
4599,1
4600,43
4601,79
4602,26
4603,17
4604,44
4605,92
4606,23
4607,42
4608,8
4609,3
4610,19
4611,76
4612,91
4613,19
4614,100
4615,15
4616,68
4617,47
4618,10
4619,48
4620,91
4621,85
4622,51
4623,76
4624,13
4625,44
4626,39
4627,42
4628,18
4629,21
4630,94
4631,56
4632,82
4633,63
4634,84
4635,41
4636,23
4637,91
4638,72
4639,89
4640,79
4641,46
4642,29
4643,86
4644,76
4645,23
4646,49
4647,40
4648,94
4649,89
4650,38
4651,17
4652,23
4653,94
4654,1
4655,90
4656,74
4657,51
4658,99
4659,73
4660,5
4661,24
4662,78
4663,41
4664,79
4665,29
4666,82
4667,73
4668,14
4669,64
4670,19
4671,43
4672,96
4673,10
4674,31
4675,45
4676,41
4677,22
4678,82
4679,12
4680,91
4681,86
4682,82
4683,94
4684,43
4685,58
4686,2
4687,34
4688,27
4689,32
4690,89
4691,9
4692,45
4693,33
4694,14
4695,93
4696,1
4697,7
4698,50
4699,57
4700,94
4701,54
4702,22
4703,53
4704,64
4705,49
4706,45
4707,70
4708,49
4709,13
4710,62
4711,74
4712,84
4713,98
4714,88
4715,29
4716,21
4717,58
4718,10
4719,5
4720,38
4721,3
4722,41
4723,34
4724,14
4725,10
4726,44
4727,22
4728,49
4729,21
4730,94
4731,10
4732,71
4733,12
4734,44
4735,77
4736,79
4737,62
4738,91
4739,4
4740,56
4741,84
4742,22
4743,78
4744,56
4745,21
4746,7
4747,13
4748,43
4749,27
4750,25
4751,53
4752,90
4753,71
4754,93
4755,94
4756,70
4757,34
4758,85
4759,37
4760,39
4761,31
4762,13
4763,7
4764,51
4765,74
4766,71
4767,63
4768,20
4769,7
4770,47
4771,1
4772,55
4773,12
4774,38
4775,85
4776,81
4777,77
4778,62
4779,26
4780,13
4781,4
4782,27
4783,22
4784,82
4785,38
4786,11
4787,61
4788,15
4789,40
4790,51
4791,61
4792,63
4793,85
4794,34
4795,12
4796,83
4797,70
4798,50
4799,24
4800,48
4801,49
4802,48
4803,24
4804,58
4805,6
4806,34
4807,57
4808,60
4809,34
4810,29
4811,35
4812,73
4813,8
4814,20
4815,97
4816,90
4817,86
4818,13
4819,11
4820,86
4821,45
4822,70
4823,53
4824,97
4825,76
4826,30
4827,71
4828,8
4829,50
4830,67
4831,54
4832,69
4833,88
4834,61
4835,74
4836,31
4837,61
4838,39
4839,11
4840,51
4841,92
4842,5
4843,65
4844,74
4845,67
4846,74
4847,87
4848,80
4849,19
4850,16
4851,97
4852,58
4853,23
4854,22
4855,28
4856,25
4857,17
4858,6
4859,55
4860,11
4861,88
4862,56
4863,26
4864,81
4865,19
4866,77
4867,34
4868,41
4869,94
4870,9
4871,12
4872,50
4873,72
4874,51
4875,71
4876,42
4877,36
4878,67
4879,59
4880,2
4881,90
4882,80
4883,76
4884,67
4885,54
4886,15
4887,54
4888,20
4889,19
4890,73
4891,76
4892,75
4893,98
4894,13
4895,14
4896,73
4897,100
4898,13
4899,37
4900,69
4901,45
4902,53
4903,34
4904,50
4905,84
4906,63
4907,74
4908,78
4909,61
4910,5
4911,23
4912,36
4913,52
4914,19
4915,80
4916,78
4917,88
4918,89
4919,52
4920,5
4921,51
4922,43
4923,89
4924,31
4925,7
4926,96
4927,61
4928,35
4929,48
4930,3
4931,44
4932,39
4933,40
4934,36
4935,63
4936,90
4937,88
4938,13
4939,30
4940,18
4941,39
4942,96
4943,57
4944,100
4945,42
4946,35
4947,94
4948,54
4949,78
4950,83
4951,12
4952,25
4953,57
4954,28
4955,53
4956,95
4957,63
4958,98
4959,67
4960,48
4961,8
4962,66
4963,21
4964,9
4965,40
4966,91
4967,65
4968,52
4969,18
4970,100
4971,68
4972,73
4973,4
4974,23
4975,25
4976,26
4977,8
4978,32
4979,5
4980,59
4981,7
4982,47
4983,91
4984,26
4985,36
4986,48
4987,60
4988,65
4989,51
4990,82
4991,16
4992,88
4993,4
4994,31
4995,48
4996,63
4997,77
4998,58
4999,23
5000,61
