Id,Cardinality
1,3461966
2,3256142
3,1485242
4,40
5,18087
6,1896753
7,15
8,1057049
9,712
10,995
11,839721
12,12886
13,47671
14,6806
15,628258
16,158
17,283448572
18,336343
19,2502110
20,2608939
21,1249606
22,8720
23,31369
24,4115
25,2726623
26,77
27,14248277
28,115220
29,857295
30,16804470
31,331436
32,264
33,36
34,99797
35,576039
36,24737399
37,145
38,977848
39,1492334
40,1007499
41,635859
42,322
43,214256
44,18601117
45,39155285
46,1995933
47,33052776
48,188
49,239379
50,510283
51,359521
52,2485771
53,3991650
54,3335331
55,29266860
56,5393
57,93
58,898795
59,228633
60,110374
61,66104861
62,1296
63,73383020
64,182
65,115362
66,9035628
67,2232756
68,88290
69,85
70,759054
71,223271570
72,14708497
73,4267116
74,5061
75,90
76,7581593
77,2889435
78,15
79,10854
80,3112049
81,1418953
82,39
83,2536928
84,24823440
85,4055135
86,3017982
87,229334
88,248417
89,5061915
90,8113312
91,2147
92,80701
93,2438843
94,1490497
95,2298
96,13
97,10075635
98,18650269
99,124754
100,40317
101,1261527
102,8231671
103,69
104,50695555
105,406
106,362860
107,2514854
108,3750425
109,931895
110,1846922
111,139273
112,2921683
113,50352301
114,4178251
115,436621
116,1921364
117,98
118,483802
119,35061545
120,3483149
121,2633668
122,43
123,560393
124,3978287
125,1039
126,28140654
127,5770645
128,233
129,621532
130,203550
131,2169415
132,315721
133,191277
134,1364006
135,354
136,26
137,2514
138,222903
139,2899
140,291085
141,4874203
142,14896210
143,9417
144,2345106
145,1267350
146,4689431
147,1797794
148,6400221
149,218
150,270
151,2250547
152,497083
153,324904208
154,36
155,241052
156,16509195
157,64
158,1599532
159,185668
160,881577
161,16556
162,3971
163,1086557
164,352170
165,2207171
166,533137
167,360347
168,52
169,3160774
170,905505
171,17078117
172,1894861
173,25370675
174,1649186
175,29674
176,118
177,412486
178,171
179,829672
180,372488
181,41
182,24
183,3750071
184,659672
185,81
186,1949686
187,4159710
188,1597219
189,4790
190,90
191,5100
192,163240
193,1642327
194,11075
195,30333870
196,19995128
197,1063679
198,713150
199,18
200,29868508
201,22
202,1069749
203,63
204,3413372
205,1984
206,335488
207,4056679
208,4390961
209,6739857
210,11316342
211,3810010
212,7488
213,530593
214,3483
215,3431433
216,15
217,1986666
218,634354
219,46
220,202
221,15
222,4822
223,1607910
224,927786
225,58631073
226,96779
227,47
228,3988196
229,413300
230,560246
231,4295688
232,10481969
233,6319448
234,376
235,613
236,35740143
237,526774
238,1711757
239,55
240,175708
241,975148
242,266788
243,19579088
244,316
245,426
246,169
247,15
248,63230551
249,623
250,223
251,44011245
252,10012447
253,1821446
254,3120337
255,16930776
256,587
257,1627
258,5148897
259,558
260,1563200
261,3621863
262,3715
263,1264221
264,12
265,20
266,24633672
267,229699
268,4739522
269,93
270,150
271,160351
272,33210905
273,646224
274,15997421
275,20117557
276,54
277,2172170
278,1565372
279,58906
280,1329922
281,3966
282,3189847
283,2038839
284,88949
285,74855
286,447030
287,31257823
288,3583935
289,38620
290,5220613
291,16
292,1801785
293,31742383
294,74657994
295,1230319
296,859359
297,22792655
298,53686
299,254745
300,1194991
301,84319
302,29578503
303,10402570
304,33457
305,12682182
306,4390232
307,1697809
308,1180638
309,10498
310,2169198
311,267
312,21909794
313,166672
314,883569
315,2753274
316,39579011
317,613493
318,262
319,6965530
320,396393
321,6279924
322,1883936
323,253
324,89099
325,5373205
326,2812130
327,648147
328,1422300
329,662
330,190228
331,1828547
332,40
333,14
334,828458
335,63
336,1103563
337,89208
338,83745
339,15
340,958400
341,41072912
342,6360639
343,221
344,149220
345,439
346,228911
347,3174651
348,1285771
349,13981242
350,2760546
351,1175172
352,25
353,1429
354,3043312
355,2874
356,1135
357,185
358,396131
359,6986405
360,34
361,4365905
362,53930998
363,17559172
364,3531599
365,3068678
366,17977178
367,91
368,215402
369,73678
370,99
371,3695694
372,14651037
373,94621764
374,2793942
375,50242969
376,556263
377,57617
378,7848710
379,7051
380,52053
381,168903
382,77
383,794733
384,729
385,6564216
386,1900659
387,2078468
388,54882
389,18083
390,27
391,897436
392,1325783
393,579143
394,78794
395,2975254
396,2928923
397,2928
398,2560261
399,238035
400,7449846
401,25754578
402,2711
403,37164982
404,773093
405,859763
406,829179
407,120
408,194252
409,47862
410,16502
411,5927579
412,4721
413,10135048
414,15157048
415,120
416,2009845
417,900
418,862240
419,138009
420,197473
421,316296
422,27873
423,213277
424,77139
425,382065
426,895955
427,1503
428,2609507
429,4992400
430,78
431,8
432,124644
433,944146
434,7780467
435,80511
436,1293
437,587
438,2050583
439,5301985
440,56
441,7034911
442,16729
443,279806
444,389103
445,498999
446,28072805
447,83
448,30388855
449,6314037
450,1020862
451,4317
452,157
453,3606229
454,32535077
455,3820666
456,13545
457,1532309
458,238
459,31
460,4936924
461,23307
462,3696362
463,18990600
464,56806
465,259136
466,46
467,15153
468,1612780
469,4622
470,11049625
471,1095
472,684
473,1739
474,1884788
475,3909174
476,3325139
477,41617002
478,3626725
479,2769038
480,2502250
481,301
482,46
483,50961
484,2585641
485,923250
486,10916
487,488736
488,1396108
489,24287
490,19026787
491,202
492,216059260
493,1373087
494,138670
495,9088908
496,34969444
497,3968975
498,351575
499,1166791
500,133144335
501,66
502,14
503,35
504,1478263
505,1451292
506,190723074
507,32
508,2029073
509,4384960
510,30502345
511,696820
512,1018070
513,1251517
514,216706
515,66
516,42
517,4124360
518,33
519,3972291
520,2491465
521,1927
522,85
523,30315412
524,1826133
525,55644
526,182322
527,30
528,19795646
529,553635
530,277642360
531,262679
532,1124890
533,102
534,474716
535,3747513
536,558029
537,264
538,3028758
539,288073
540,335379
541,72209
542,502511
543,127836215
544,144168836
545,1311536
546,340322
547,124
548,497540
549,50
550,1335687
551,31435899
552,2137483
553,84
554,61
555,50725109
556,274060
557,1859180
558,1091215
559,100
560,738823
561,84397477
562,514
563,2683594
564,597497
565,4593642
566,1197193
567,12357311
568,23514587
569,70
570,16
571,6555317
572,5199052
573,3002247
574,4098959
575,977461
576,2758454
577,12921313
578,7880885
579,4607854
580,36
581,24509558
582,21
583,52
584,282546
585,14642439
586,337828
587,658198
588,435692
589,2364683
590,226326
591,2068236
592,3560545
593,2543664
594,111650
595,28834125
596,1280183
597,124050
598,2104967
599,662324
600,27
601,3706685
602,572561
603,27534460
604,2343703
605,46789
606,107124
607,3939421
608,12251
609,22
610,89249
611,2534192
612,69
613,13
614,138
615,3458
616,1254103
617,376769
618,86879028
619,3745054
620,26
621,356078
622,971
623,2149105
624,375318794
625,2631559
626,11393129
627,181146596
628,312926
629,434283
630,227
631,1785116
632,4126232
633,5321908
634,150818600
635,191
636,1317693
637,79363
638,488574
639,13239605
640,2558228
641,551
642,88749519
643,46
644,488063
645,978
646,989194
647,37
648,1605671
649,19046117
650,5590
651,3990721
652,2468192
653,25384249
654,2218677
655,2277740
656,242319
657,24901
658,175521
659,1793536
660,439019
661,687718
662,2252602
663,5153
664,758
665,19957
666,122
667,2378293
668,230135
669,4313746
670,935198
671,159956757
672,111860
673,56
674,5919235
675,28
676,59773
677,276138
678,32
679,39
680,66
681,46
682,22937768
683,3239029
684,468
685,2168
686,7617921
687,121663
688,23464300
689,1276613
690,2965380
691,348
692,963
693,67
694,1391933
695,585145
696,3090645
697,67
698,22
699,17036
700,363865
701,19
702,421279
703,253
704,15357
705,133111
706,85487
707,3271026
708,432092
709,3288
710,10374177
711,431099
712,239384
713,801362
714,37967576
715,3014758
716,86702
717,180963
718,2467823
719,4602418
720,21
721,302
722,9103058
723,39963
724,44
725,1177063
726,2670
727,27
728,288151
729,1053074
730,55353
731,2138020
732,3210257
733,128
734,203769
735,341401
736,21592
737,5683588
738,708447
739,2062348
740,586706
741,146706
742,11496
743,1712914
744,8184
745,771050
746,95
747,4683
748,112117461
749,89066
750,333
751,41302
752,452999
753,70126039
754,801
755,91919014
756,190959
757,35179
758,539483
759,120070
760,239278
761,257932
762,9714
763,857148
764,7663
765,44642
766,2033339
767,1533452
768,15579
769,8502
770,16
771,694935
772,6935
773,1301523
774,1527206
775,81875
776,5969
777,1472
778,10067185
779,41779
780,329852
781,45
782,866836
783,33601
784,836
785,10402
786,1357584
787,402386
788,75
789,1249435
790,257
791,278176
792,3330193
793,170817
794,3077995
795,2809
796,536929
797,320822
798,1085907
799,1477786
800,23977907
801,2322077
802,9410308
803,1133322
804,1124753
805,142794
806,1050902
807,46300
808,4491
809,9826498
810,104574166
811,344
812,877731
813,1174
814,1644620
815,19299169
816,379478
817,22
818,33250954
819,518
820,2992447
821,403763
822,4399013
823,9099641
824,78443
825,293406
826,2721452
827,208583820
828,4067031
829,203815
830,1536301
831,53
832,30308
833,3561642
834,79
835,102652639
836,531609
837,4593217
838,697
839,35
840,982387
841,2872162
842,1046607
843,33
844,17
845,4838
846,7897834
847,339
848,204757
849,148938
850,621
851,940698
852,2418088
853,203657
854,977
855,51
856,806503
857,27
858,190322
859,344845
860,6033956
861,25522792
862,44
863,995775
864,15407119
865,43377375
866,711499
867,227
868,472
869,291004
870,9064612
871,4798793
872,1092442
873,1388276
874,465651
875,186647476
876,28
877,1695675
878,34361
879,59
880,232567
881,500
882,1181333
883,37971
884,4105896
885,812692
886,291557
887,535518
888,24
889,16354891
890,4144640
891,67
892,37939
893,3992044
894,961845
895,220660
896,166282079
897,579251
898,89
899,9215221
900,856045
901,22499541
902,403
903,656257
904,606316
905,24
906,937461
907,314774357
908,32798967
909,2168042
910,724305
911,47758
912,2219714
913,15852020
914,7520
915,29540549
916,78668
917,1534118
918,378081
919,1933401
920,13115338
921,9390700
922,14730649
923,8758
924,479689
925,678
926,9476
927,487839
928,29114
929,4576153
930,458917
931,5795134
932,2026408
933,28789667
934,33473613
935,30326
936,43
937,12561
938,4357903
939,7544
940,10134836
941,709171
942,380487
943,627031
944,4687040
945,6482516
946,591155
947,1026045
948,20
949,3258110
950,29561
951,202762
952,1332212
953,3360240
954,26
955,244458
956,31204199
957,14387870
958,13908
959,4530
960,3156
961,441229
962,2449220
963,65102
964,848537
965,4382226
966,3679776
967,481007
968,20528426
969,1270137
970,83360
971,1497710
972,258453907
973,9897520
974,19310666
975,11866892
976,46977
977,223305
978,611459
979,6075794
980,56238886
981,34474462
982,13153681
983,371
984,226679
985,2482957
986,2344170
987,14240046
988,857779
989,353694
990,2274234
991,40403
992,2158
993,68816
994,8390789
995,10124289
996,430667
997,3982
998,219146
999,1395395
1000,4816758
1001,1151522
1002,453323
1003,20001431
1004,10741107
1005,1600
1006,4098222
1007,16
1008,6426
1009,92
1010,8855
1011,1265765
1012,7596
1013,516466
1014,25423
1015,23785908
1016,121
1017,95341
1018,56823
1019,1268581
1020,4104348
1021,15333
1022,289659
1023,96
1024,12473447
1025,687727
1026,238279
1027,186471
1028,4252461
1029,2315787
1030,27
1031,30
1032,9389
1033,53689
1034,277418
1035,15
1036,25
1037,325
1038,157
1039,90
1040,22455761
1041,3993279
1042,18365
1043,1670517
1044,14662448
1045,17508314
1046,80
1047,4460802
1048,10122
1049,29
1050,760593
1051,198
1052,10342
1053,7761929
1054,719443
1055,2728635
1056,3417078
1057,83258
1058,74
1059,202156
1060,729902
1061,323496
1062,105416
1063,16883202
1064,174
1065,2573
1066,184839
1067,6710095
1068,360666
1069,17
1070,41835875
1071,6055177
1072,12163816
1073,2875646
1074,478
1075,27477882
1076,717337
1077,468526
1078,20
1079,2125699
1080,631756
1081,27245311
1082,18423863
1083,2138441
1084,3309108
1085,2227104
1086,13885696
1087,30111465
1088,2045787
1089,48790
1090,1073139
1091,3538744
1092,14872154
1093,1080714
1094,40
1095,5523
1096,14480
1097,37871
1098,4341519
1099,46066
1100,54049
1101,9115
1102,362
1103,4360014
1104,472238
1105,1485381
1106,251
1107,113814
1108,78673
1109,52
1110,533401
1111,7644244
1112,15
1113,289306
1114,75
1115,3592
1116,43393
1117,52
1118,5659
1119,13
1120,367416
1121,4088
1122,3175522
1123,2682
1124,97
1125,44520
1126,1021955
1127,32272125
1128,156775813
1129,32153390
1130,79820
1131,8044275
1132,1592
1133,1925551
1134,271276
1135,8261806
1136,3963057
1137,284038
1138,10184404
1139,6076286
1140,44
1141,2622658
1142,26927798
1143,279340
1144,489131
1145,12
1146,11
1147,3048
1148,3361
1149,117173114
1150,11
1151,32137489
1152,30480035
1153,744812
1154,29992
1155,2245118
1156,100375441
1157,224647
1158,1067206
1159,1845618
1160,147920731
1161,60
1162,3584
1163,1379310
1164,7313994
1165,6671603
1166,14625114
1167,92
1168,256862
1169,30
1170,147
1171,7100945
1172,686
1173,1207726
1174,1024
1175,121319
1176,2688469
1177,6045
1178,1167
1179,1887931
1180,6261478
1181,420
1182,24627
1183,2939675
1184,400289
1185,2398437
1186,1167323
1187,601
1188,2554628
1189,2357177
1190,7538
1191,10139259
1192,28825215
1193,209895
1194,5468046
1195,10522791
1196,993721
1197,1097
1198,4603428
1199,9081757
1200,215838
1201,1690
1202,51058
1203,1714
1204,3001991
1205,68661
1206,17
1207,35069215
1208,8232453
1209,2717313
1210,74
1211,18769
1212,4173
1213,1623390
1214,242865
1215,604916
1216,395832
1217,1481798
1218,7298365
1219,62820
1220,174109
1221,9764874
1222,47777
1223,746120
1224,61
1225,16
1226,23966007
1227,419030
1228,4
1229,12632303
1230,2023811
1231,69906
1232,21033127
1233,4592
1234,7449
1235,66
1236,10776
1237,7821
1238,83
1239,109449
1240,50108
1241,3223511
1242,5448284
1243,1791
1244,346
1245,1896632
1246,2714438
1247,8349766
1248,8175
1249,13943435
1250,772222
1251,6910797
1252,135661
1253,3071
1254,2503
1255,110086
1256,3836033
1257,234557
1258,578018
1259,74481661
1260,339955
1261,8890318
1262,1498175
1263,760595
1264,732
1265,607905
1266,4244
1267,37901
1268,33321664
1269,1997213
1270,2619651
1271,4051123
1272,152382
1273,3697112
1274,7706536
1275,1690371
1276,1648
1277,109931468
1278,2034597
1279,33
1280,55
1281,5013145
1282,4636168
1283,3501725
1284,349309
1285,3927
1286,1043
1287,3640193
1288,12278170
1289,16
1290,589187
1291,13
1292,10
1293,470126
1294,26
1295,28925
1296,1313585
1297,18
1298,2807619
1299,333382
1300,601647
1301,10
1302,267820
1303,523335
1304,42128
1305,355156
1306,4446634
1307,233
1308,895
1309,7975
1310,52
1311,13795
1312,120483
1313,363645
1314,6878
1315,13138868
1316,757
1317,35310
1318,391618
1319,3961497
1320,9116779
1321,348425
1322,155
1323,996695
1324,312
1325,7280331
1326,202239
1327,1183502
1328,3235624
1329,1563164
1330,611153
1331,636607
1332,483226
1333,30604
1334,17864122
1335,222746
1336,3496092
1337,17580
1338,4263254
1339,1775569
1340,5571
1341,470403
1342,1874392
1343,9085280
1344,117439
1345,183451
1346,8380981
1347,54
1348,3313325
1349,8595
1350,55
1351,259
1352,428553
1353,211
1354,151008
1355,5360558
1356,1080
1357,2912936
1358,4542183
1359,149787
1360,122505
1361,448
1362,2151517
1363,35661
1364,652
1365,1203
1366,8008546
1367,13195006
1368,2198776
1369,2646507
1370,31143295
1371,63175394
1372,642402
1373,33
1374,27
1375,11892290
1376,58
1377,646664
1378,326559
1379,82686
1380,53385733
1381,7816
1382,8708282
1383,1489955
1384,293
1385,1233086
1386,2529826
1387,28694
1388,518768
1389,60
1390,52
1391,973944
1392,287415
1393,81
1394,8486717
1395,34
1396,424848
1397,24775991
1398,1306754
1399,1052923
1400,63
1401,532
1402,120
1403,949050
1404,4211082
1405,1663692
1406,14751
1407,63
1408,48131539
1409,2127057
1410,32100192
1411,27996
1412,34464984
1413,1186698
1414,1086105
1415,24019460
1416,92653
1417,3074
1418,488109
1419,99265
1420,43
1421,27
1422,400226
1423,64784520
1424,102
1425,580
1426,4933
1427,30381
1428,4968812
1429,977293
1430,3009290
1431,800609
1432,37276
1433,3283
1434,1695029
1435,4242268
1436,61878
1437,1010116
1438,45545
1439,9374471
1440,18825
1441,389567
1442,810383
1443,237909
1444,13918
1445,14
1446,446243
1447,4991658
1448,1136033
1449,1512363
1450,22
1451,1203798
1452,172081131
1453,8464464
1454,26
1455,76
1456,13789
1457,45
1458,2802328
1459,1263170
1460,424984
1461,7466
1462,9249009
1463,13702984
1464,3183208
1465,4439788
1466,9877
1467,47862326
1468,29043884
1469,8860167
1470,37
1471,5367808
1472,72
1473,3255221
1474,2229542
1475,117
1476,2690013
1477,11872426
1478,1212652
1479,443585
1480,12500260
1481,15151
1482,136299
1483,30
1484,2996676
1485,605480
1486,23
1487,7346465
1488,13470
1489,1630960
1490,2385
1491,110180330
1492,62
1493,4118600
1494,914553
1495,22609612
1496,19
1497,106
1498,65537157
1499,217834
1500,519845
1501,3972574
1502,1436942
1503,3755
1504,118822
1505,32354
1506,515746
1507,152156
1508,288584
1509,8816018
1510,225896
1511,103251
1512,7835671
1513,3034818
1514,2107006
1515,33849930
1516,182
1517,1366744
1518,6035609
1519,9217
1520,6375435
1521,8267882
1522,86
1523,38642
1524,624014
1525,155303
1526,2546
1527,17871178
1528,1005489
1529,2669
1530,16391246
1531,501098
1532,9900301
1533,306
1534,752
1535,31123
1536,2800818
1537,612698
1538,2420383
1539,7677573
1540,845134
1541,4424590
1542,1031
1543,427118
1544,26562158
1545,3948880
1546,43711
1547,98452
1548,543
1549,54
1550,158916
1551,10279663
1552,3766544
1553,17
1554,51050
1555,24784
1556,3467
1557,54
1558,1254574
1559,1953467
1560,68
1561,886
1562,22952
1563,32773
1564,9798
1565,1870080
1566,3180864
1567,177696
1568,1233047
1569,3082807
1570,1225
1571,437
1572,966563
1573,274
1574,180310
1575,5483
1576,543860
1577,97
1578,439720
1579,15443017
1580,3201666
1581,20449
1582,21306932
1583,455841
1584,9843733
1585,52281562
1586,4372458
1587,16
1588,17008732
1589,168732729
1590,66448
1591,2738081
1592,6276170
1593,77093
1594,75
1595,43758
1596,1255136
1597,125671
1598,4810
1599,27873627
1600,3723
1601,94288
1602,999858
1603,895909
1604,5030743
1605,5499
1606,28514
1607,136
1608,9903237
1609,53
1610,7099
1611,24
1612,811330
1613,10
1614,2213423
1615,932327
1616,1206447
1617,1468396
1618,2059864
1619,1065833
1620,1525686
1621,16313739
1622,8506906
1623,1823389
1624,4178357
1625,1086170
1626,427289
1627,2604826
1628,3903935
1629,2285917
1630,99
1631,105743
1632,2168458
1633,2341619
1634,26
1635,22479997
1636,2607067
1637,1172280
1638,241
1639,904184
1640,1159496
1641,1028791
1642,780174
1643,138515386
1644,740868
1645,849
1646,3988
1647,65
1648,536
1649,2271
1650,6576327
1651,990359
1652,780222
1653,936839
1654,586696
1655,46
1656,94398
1657,24
1658,1969989
1659,526018
1660,535452
1661,6718203
1662,2487
1663,31
1664,12773725
1665,219
1666,72874892
1667,13781842
1668,12256522
1669,128742
1670,17270236
1671,9613322
1672,3449327
1673,74
1674,7
1675,7898095
1676,10319431
1677,4503
1678,4442476
1679,424862
1680,549134
1681,92702
1682,32249911
1683,1717578
1684,63
1685,137176
1686,25
1687,850940
1688,6106099
1689,4146593
1690,11918
1691,48717521
1692,9336
1693,410369
1694,2335892
1695,1323352
1696,463557
1697,2979558
1698,996957
1699,8497
1700,6848978
1701,2210167
1702,194947
1703,91918
1704,250416
1705,30
1706,3770
1707,18
1708,8887612
1709,291171
1710,155
1711,525016
1712,1785
1713,2426
1714,4492630
1715,1636
1716,3924100
1717,187099726
1718,27726929
1719,3939993
1720,6783002
1721,549517
1722,4447192
1723,10062876
1724,3835061
1725,160065606
1726,436
1727,851482
1728,88
1729,174287
1730,11672136
1731,13926135
1732,31
1733,69983
1734,16755113
1735,41807171
1736,2893678
1737,1489111
1738,2328693
1739,429696
1740,281168
1741,36
1742,28
1743,19
1744,20
1745,493124
1746,127316541
1747,14076407
1748,42389
1749,2189163
1750,145663854
1751,402612
1752,480566
1753,27123
1754,72
1755,18947061
1756,34786070
1757,664972
1758,74
1759,34
1760,9479
1761,142313150
1762,46
1763,4645746
1764,130406704
1765,423
1766,1387670
1767,38
1768,53499
1769,956710
1770,181208
1771,8923131
1772,59
1773,117330
1774,1269
1775,12520472
1776,2273790
1777,5891647
1778,1050
1779,174950
1780,238725
1781,4915701
1782,60180021
1783,12040
1784,122146245
1785,5788
1786,2227863
1787,4397527
1788,60
1789,555019
1790,2109629
1791,1450034
1792,113544
1793,565
1794,183
1795,432
1796,33
1797,1572461
1798,1042057
1799,397
1800,1055670
1801,4307213
1802,1413813
1803,4114922
1804,6306790
1805,3144989
1806,20
1807,829856
1808,6339646
1809,20749
1810,63223
1811,30857559
1812,23721
1813,3323876
1814,1264873
1815,253388
1816,224360
1817,6509
1818,6155
1819,1247355
1820,72891
1821,322554
1822,368932
1823,412993
1824,66
1825,746703
1826,362618
1827,25584
1828,23
1829,522774
1830,47
1831,2372230
1832,355
1833,3430483
1834,23272488
1835,902946
1836,558084
1837,607
1838,856459
1839,2306978
1840,15365361
1841,550821
1842,1605057
1843,10961
1844,3470616
1845,92
1846,3715
1847,4139514
1848,5061270
1849,61
1850,233649
1851,10135699
1852,1098
1853,103
1854,294907
1855,12577883
1856,362452
1857,356667
1858,2523135
1859,1097
1860,338
1861,131911546
1862,3171972
1863,544
1864,2345224
1865,7591
1866,236395
1867,26774258
1868,1562
1869,99549
1870,1341682
1871,20376300
1872,5346
1873,19
1874,31458386
1875,239495
1876,188
1877,40979
1878,4075
1879,19
1880,11198
1881,3709
1882,357267141
1883,868759
1884,118831
1885,93169
1886,3595238
1887,42751009
1888,77
1889,1400
1890,88256
1891,2607103
1892,9922
1893,151623
1894,1852745
1895,470
1896,269393
1897,3631932
1898,35053
1899,127036
1900,327836
1901,144101
1902,475571
1903,55776
1904,31314
1905,521
1906,6893183
1907,76
1908,763131
1909,22894097
1910,30970
1911,19546
1912,345759
1913,2663150
1914,8795231
1915,8052205
1916,1663924
1917,6437633
1918,13
1919,3894577
1920,32573
1921,54
1922,1021766
1923,1407
1924,30162104
1925,3378
1926,24240046
1927,3936570
1928,2033579
1929,548
1930,32213954
1931,64
1932,138142
1933,9370451
1934,14664126
1935,388053
1936,3275
1937,177
1938,26501052
1939,45376
1940,471264
1941,135039
1942,376211
1943,130893
1944,71
1945,127
1946,23417751
1947,1167418
1948,3982658
1949,239633
1950,216560
1951,73666
1952,27
1953,147738
1954,108906692
1955,250863
1956,2566152
1957,447019
1958,3342185
1959,1032520
1960,11522998
1961,20
1962,1478629
1963,4266604
1964,107157
1965,293086
1966,45384
1967,1415935
1968,1920
1969,99
1970,218
1971,3155417
1972,40697
1973,194684684
1974,441980
1975,41
1976,169201
1977,1750394
1978,461796
1979,230
1980,12009
1981,108463
1982,3637525
1983,445937
1984,510
1985,199
1986,70744
1987,386
1988,258819
1989,382857
1990,9996822
1991,1687822
1992,48939
1993,181690
1994,139389
1995,1372343
1996,18892012
1997,3617222
1998,26311
1999,51272995
2000,452579
2001,8839
2002,219050
2003,27565
2004,2025534
2005,11048063
2006,1045539
2007,254117
2008,1697551
2009,3719036
2010,5880
2011,1003246
2012,2275519
2013,82205
2014,4229455
2015,12
2016,4218994
2017,7704888
2018,4539
2019,1191356
2020,65175
2021,95941
2022,1993950
2023,169
2024,9131618
2025,66
2026,4450143
2027,12772
2028,1125990
2029,195
2030,23157148
2031,3095987
2032,9661687
2033,3265464
2034,102473
2035,16023613
2036,2975705
2037,326167
2038,380
2039,24649980
2040,726822
2041,3181152
2042,3277818
2043,140376
2044,387919922
2045,36964
2046,3457756
2047,2506584
2048,3268300
2049,149499272
2050,566
2051,950351
2052,2309537
2053,11932678
2054,275697
2055,35366850
2056,1545746
2057,1944685
2058,598
2059,357
2060,163409
2061,172447
2062,13344
2063,281431
2064,4495016
2065,2345106
2066,592025
2067,3385783
2068,136799
2069,24
2070,1332232
2071,3939357
2072,19865830
2073,1893614
2074,364209
2075,2856967
2076,58101
2077,37820100
2078,3343
2079,13
2080,68
2081,600547
2082,6177
2083,252
2084,575439
2085,18243990
2086,110448505
2087,23325287
2088,64683
2089,205
2090,8463
2091,36897723
2092,7162
2093,974144
2094,6144719
2095,108968
2096,44
2097,7991
2098,1689353
2099,3094670
2100,1674
2101,49012
2102,1338003
2103,21828083
2104,3799288
2105,51642982
2106,235
2107,3126412
2108,784993
2109,42
2110,52874
2111,48643902
2112,244
2113,114541
2114,38315
2115,5414
2116,950
2117,1511914
2118,1269781
2119,200
2120,11734683
2121,119237
2122,22117
2123,1737879
2124,708645
2125,532053
2126,769
2127,153872142
2128,64583
2129,6595754
2130,58527
2131,8795
2132,33687
2133,9214334
2134,3071419
2135,37195823
2136,7987604
2137,282857
2138,1076656
2139,34729513
2140,540253
2141,2136484
2142,13769049
2143,99
2144,311812
2145,8507
2146,84
2147,20
2148,4398236
2149,3934913
2150,33
2151,2273431
2152,820061
2153,17456265
2154,134345
2155,56554
2156,43
2157,61945401
2158,4084
2159,21934
2160,802130
2161,20616
2162,11770639
2163,5661
2164,31
2165,24
2166,1767803
2167,67
2168,2667256
2169,187603
2170,251932
2171,739561
2172,30
2173,1224
2174,2252663
2175,39
2176,808590
2177,283
2178,455
2179,6715863
2180,2251002
2181,28467355
2182,4572956
2183,4289995
2184,143210
2185,8587048
2186,400611
2187,5926627
2188,188824280
2189,5524573
2190,2468746
2191,45481808
2192,157
2193,32197
2194,4924179
2195,2240941
2196,25354788
2197,715
2198,1105
2199,2328374
2200,322
2201,21713361
2202,97397
2203,20650588
2204,1636619
2205,21
2206,2703047
2207,42125
2208,9430065
2209,3977539
2210,2521834
2211,264990
2212,87
2213,734150
2214,2789921
2215,95756305
2216,41
2217,547922
2218,20343
2219,587861
2220,455292
2221,142556
2222,27
2223,793051
2224,296082
2225,788334
2226,1716789
2227,4413602
2228,264790
2229,8873
2230,2976
2231,218
2232,66
2233,24
2234,998542
2235,23
2236,32
2237,1109
2238,35
2239,11746245
2240,2426458
2241,1475416
2242,5102829
2243,5272706
2244,86
2245,1044
2246,79
2247,442
2248,2536723
2249,2125834
2250,3540629
2251,1246391
2252,1270387
2253,3328
2254,27
2255,15705789
2256,2424279
2257,4500
2258,330205
2259,5014087
2260,1402639
2261,1281216
2262,309009
2263,146656
2264,579323
2265,2144781
2266,2623453
2267,4193267
2268,2205498
2269,1476
2270,526142
2271,186086
2272,979078
2273,189533274
2274,37629432
2275,403311
2276,143660
2277,42
2278,87
2279,729
2280,9166720
2281,164124
2282,17215343
2283,14594
2284,102
2285,8172117
2286,424560
2287,4530652
2288,1583796
2289,1065487
2290,4227380
2291,264487
2292,4201727
2293,194
2294,252300
2295,1514015
2296,57287629
2297,5987
2298,45305
2299,202995
2300,19
2301,19579
2302,3299996
2303,830
2304,3186839
2305,100358475
2306,92775
2307,505347
2308,22066428
2309,218
2310,345586
2311,2319
2312,4070319
2313,25
2314,30554
2315,4516558
2316,32
2317,4057135
2318,78773
2319,22333053
2320,3038
2321,954
2322,179770
2323,3992901
2324,11921823
2325,793863
2326,15940063
2327,3132726
2328,1073
2329,54
2330,845
2331,1597
2332,83
2333,22
2334,2190984
2335,3455152
2336,134906
2337,12484239
2338,246
2339,15161391
2340,96061
2341,2477
2342,62693
2343,206
2344,40
2345,75
2346,953074
2347,8708
2348,13808981
2349,3328
2350,433285
2351,58513
2352,3356935
2353,637
2354,53
2355,8237797
2356,9910341
2357,1001363
2358,1227895
2359,74
2360,27
2361,131
2362,827
2363,53511872
2364,585941
2365,447100
2366,9016
2367,173403
2368,827032
2369,436435
2370,4422347
2371,1792474
2372,28552981
2373,208393
2374,147813765
2375,154
2376,23
2377,310022
2378,793686
2379,1347
2380,163
2381,3184
2382,141627
2383,43359
2384,114195766
2385,53
2386,1642991
2387,377
2388,4638
2389,99605
2390,149308
2391,354595
2392,124944
2393,16170
2394,283462
2395,476304
2396,1179434
2397,1018071
2398,8612647
2399,10044164
2400,12
2401,277923
2402,93421288
2403,28305598
2404,15
2405,2575783
2406,513749
2407,54718
2408,7145375
2409,1718894
2410,33763
2411,19188
2412,84767930
2413,596413
2414,6994
2415,7423378
2416,245528
2417,2830587
2418,27580
2419,609981
2420,32967
2421,4317048
2422,6859458
2423,8
2424,1759
2425,1403093
2426,416387
2427,578364
2428,11223
2429,595772
2430,22134831
2431,17351
2432,287509
2433,1429
2434,606668
2435,49979
2436,8719244
2437,299
2438,266759
2439,46
2440,6866816
2441,394695
2442,515856
2443,170381
2444,8095045
2445,7464430
2446,100
2447,244771
2448,685876
2449,24
2450,770830
2451,205763
2452,37
2453,12117
2454,564
2455,3732890
2456,377
2457,10456053
2458,4052891
2459,607137
2460,67
2461,44547
2462,19146404
2463,59603
2464,19246565
2465,80490
2466,417
2467,106
2468,32
2469,5336
2470,247267
2471,12812833
2472,17899690
2473,856952
2474,198
2475,147
2476,9569207
2477,141523
2478,95826
2479,43086
2480,211
2481,12485711
2482,1934631
2483,12933
2484,219
2485,87
2486,546576
2487,1427853
2488,572
2489,19
2490,2650919
2491,778746
2492,9
2493,1269966
2494,46610
2495,72
2496,44494103
2497,1623
2498,805534
2499,96581
2500,548946
2501,824317
2502,11922071
2503,95
2504,516626
2505,7064510
2506,435049
2507,3091478
2508,2823069
2509,11503404
2510,45446
2511,2068756
2512,42
2513,1873176
2514,131
2515,172957
2516,68762
2517,10019340
2518,860662
2519,12687
2520,189947
2521,367455
2522,34
2523,107531
2524,246803
2525,29
2526,2425648
2527,22528959
2528,138
2529,1861
2530,319834
2531,2572
2532,976205
2533,225
2534,2578384
2535,5423
2536,39
2537,70730
2538,16772321
2539,652915
2540,7833586
2541,226037
2542,3269210
2543,74657342
2544,64148284
2545,638625
2546,3470275
2547,2632565
2548,13052936
2549,1089653
2550,378344822
2551,621854
2552,1045128
2553,179528
2554,36960
2555,1827224
2556,90084
2557,1427982
2558,419
2559,228
2560,411136
2561,454249
2562,5261588
2563,79
2564,7520
2565,121784113
2566,88
2567,1240616
2568,14597903
2569,644065
2570,539423
2571,1604239
2572,29423189
2573,61
2574,163456
2575,633314
2576,16984118
2577,16
2578,15258
2579,184827
2580,833006
2581,1277479
2582,612221
2583,41594
2584,2011536
2585,1966857
2586,6641787
2587,141135
2588,22475880
2589,206320
2590,735218
2591,283
2592,1291573
2593,15337779
2594,2883531
2595,3085359
2596,7036372
2597,35954
2598,232709
2599,430966
2600,384398
2601,1461594
2602,10805
2603,4670183
2604,1768776
2605,8586629
2606,50
2607,19544195
2608,3968
2609,131
2610,90
2611,566189
2612,111458472
2613,25
2614,13132364
2615,87373
2616,147863
2617,14046
2618,733665
2619,15993
2620,8
2621,1698610
2622,620
2623,1875
2624,9826370
2625,98
2626,10590
2627,521656
2628,62
2629,2419125
2630,294166
2631,3173752
2632,3878425
2633,3760
2634,89307
2635,16317
2636,6034204
2637,4235128
2638,2167
2639,4518482
2640,36416687
2641,136697309
2642,88
2643,15029
2644,83
2645,1215909
2646,18214281
2647,2085
2648,378510
2649,527
2650,50
2651,577
2652,2396323
2653,115656
2654,226
2655,2067823
2656,67561305
2657,4
2658,3662997
2659,13114893
2660,40535
2661,12749168
2662,44
2663,4290048
2664,262542
2665,618
2666,100
2667,26670252
2668,94764
2669,4669800
2670,73
2671,12328387
2672,212830
2673,1031080
2674,1816402
2675,232585
2676,61
2677,1649624
2678,673
2679,11194308
2680,7
2681,4315972
2682,9344601
2683,1027751
2684,33163373
2685,1988
2686,370221
2687,745735
2688,27796
2689,3176428
2690,58
2691,1011422
2692,5839787
2693,201654728
2694,308734
2695,36705584
2696,2592911
2697,29763
2698,497496
2699,2810136
2700,6161
2701,2450
2702,14244696
2703,97906
2704,136308322
2705,141743
2706,19090396
2707,11970517
2708,72
2709,20
2710,9208504
2711,2380114
2712,1294466
2713,88890
2714,2769168
2715,9321
2716,369571
2717,120556481
2718,131921
2719,1078125
2720,19180435
2721,2888875
2722,134
2723,20510
2724,319027
2725,27
2726,804709
2727,46718
2728,33022
2729,117343
2730,65
2731,3538559
2732,3591590
2733,1858703
2734,18780003
2735,167
2736,21
2737,14925971
2738,257968
2739,8118920
2740,48
2741,628618
2742,512849
2743,30130
2744,86
2745,122187
2746,17099659
2747,11262042
2748,3965693
2749,2511190
2750,8105690
2751,1239182
2752,1009281
2753,1767056
2754,9037854
2755,12
2756,22
2757,572
2758,38760
2759,67273
2760,45829
2761,10624694
2762,9741
2763,17259
2764,166542165
2765,180178
2766,2448397
2767,1233
2768,12473478
2769,11301
2770,2211
2771,346461
2772,353515
2773,47855743
2774,114751
2775,578361
2776,12116
2777,117
2778,20058
2779,41343478
2780,50
2781,3819967
2782,20441
2783,10843111
2784,65
2785,25502622
2786,6311
2787,2231483
2788,125
2789,69217
2790,198347
2791,1332119
2792,615209
2793,6036593
2794,2814715
2795,335719003
2796,93128600
2797,17135334
2798,1191686
2799,6333638
2800,43768
2801,3586973
2802,4843
2803,298834
2804,12469264
2805,191
2806,400505
2807,438035
2808,2139393
2809,42015315
2810,3911943
2811,5745
2812,1257
2813,618737
2814,150
2815,24
2816,426925
2817,53
2818,3463448
2819,161
2820,5530925
2821,252713
2822,62
2823,41319
2824,26947308
2825,59
2826,69
2827,601272
2828,165
2829,256174
2830,78796
2831,107265
2832,3326717
2833,24453720
2834,436773
2835,16
2836,1064223
2837,208128
2838,876948
2839,9002
2840,3039211
2841,1306754
2842,33368113
2843,16
2844,503355
2845,20920058
2846,33760974
2847,1200411
2848,1023424
2849,6943246
2850,29284142
2851,8998
2852,6611201
2853,1664633
2854,3661854
2855,55646
2856,374
2857,3702125
2858,52702
2859,8780
2860,15318790
2861,11424282
2862,338102
2863,910708
2864,1887891
2865,223174
2866,1478934
2867,542379
2868,3118804
2869,448198
2870,77
2871,6146583
2872,1087320
2873,547648
2874,3526448
2875,65
2876,1436
2877,25
2878,127377411
2879,1897956
2880,1128054
2881,109643
2882,1432
2883,215044
2884,39004
2885,175211
2886,143979597
2887,806
2888,461590
2889,38
2890,186
2891,1961
2892,1552675
2893,273
2894,7380880
2895,108608
2896,833558
2897,16458352
2898,9278714
2899,4190857
2900,4406320
2901,441480
2902,950239
2903,71286521
2904,270569
2905,817916
2906,61
2907,96
2908,173828
2909,81530
2910,13782178
2911,75
2912,53231
2913,11303698
2914,7704083
2915,1272416
2916,2852557
2917,1681382
2918,56461468
2919,33893872
2920,45453800
2921,45777
2922,39320
2923,13692
2924,1013156
2925,3588
2926,953041
2927,11125281
2928,843783
2929,1080306
2930,16
2931,2047739
2932,682062
2933,9675273
2934,530244
2935,88
2936,11857535
2937,26938928
2938,22630
2939,23138488
2940,116388
2941,502697
2942,2217484
2943,81
2944,696949
2945,6482149
2946,56836
2947,28558
2948,10954
2949,28428681
2950,2025815
2951,415
2952,472951
2953,96505774
2954,14004969
2955,1782616
2956,91685
2957,6462536
2958,2486
2959,28835014
2960,22806
2961,8132
2962,1732
2963,3940905
2964,792905
2965,6949392
2966,110689
2967,403945
2968,951
2969,1235348
2970,7102019
2971,53442
2972,6271328
2973,61900
2974,2888888
2975,9664762
2976,8749984
2977,8293
2978,227
2979,1060062
2980,9418639
2981,123892
2982,2218903
2983,65
2984,73706294
2985,325590
2986,21802724
2987,1219175
2988,661522
2989,600581
2990,2300276
2991,100
2992,3871767
2993,5607706
2994,633
2995,2732810
2996,386
2997,3755297
2998,211475
2999,6388765
3000,139736
3001,11271400
3002,1366
3003,15081
3004,2993384
3005,3386954
3006,1267350
3007,7896
3008,42
3009,90830
3010,328976
3011,4493948
3012,185975
3013,397532
3014,29527
3015,85137
3016,3476362
3017,11779614
3018,11321169
3019,9762806
3020,9235
3021,12686159
3022,207
3023,137
3024,6855856
3025,17018598
3026,374371
3027,11
3028,2074641
3029,37763
3030,5836080
3031,46323
3032,132776
3033,143928490
3034,23376
3035,132
3036,23966007
3037,16
3038,38308
3039,401529
3040,4035732
3041,97169306
3042,506775
3043,1611615
3044,285371
3045,125301
3046,261895
3047,10798933
3048,4073077
3049,680454
3050,2600579
3051,7715023
3052,23
3053,111312
3054,1190686
3055,24082559
3056,18330061
3057,44
3058,76801
3059,1054016
3060,807024
3061,3029838
3062,350875
3063,274422558
3064,1647269
3065,881639
3066,1449102
3067,1365661
3068,663579
3069,168915
3070,2379695
3071,98
3072,524
3073,787290
3074,3886
3075,419838
3076,8897844
3077,3260206
3078,978866
3079,54499191
3080,7811
3081,28807108
3082,17323
3083,12
3084,6007
3085,100406426
3086,32654496
3087,14699
3088,14542768
3089,189632
3090,55772801
3091,37
3092,449270
3093,933926
3094,1403209
3095,6486654
3096,154612
3097,114025612
3098,158
3099,951659
3100,174
3101,211028
3102,10633221
3103,556084
3104,308210
3105,13135614
3106,13
3107,94
3108,672524
3109,5793159
3110,3173439
3111,964564
3112,13404213
3113,6383296
3114,206580
3115,12558
3116,85642404
3117,50683
3118,421738
3119,349516
3120,44
3121,1198
3122,1359533
3123,23625400
3124,130229
3125,828777
3126,1538
3127,313
3128,25
3129,601450
3130,57
3131,151226
3132,235610
3133,4602894
3134,34485793
3135,4796912
3136,19184
3137,58486
3138,3915723
3139,2446393
3140,100699
3141,50155
3142,1014839
3143,71589084
3144,245399
3145,6911809
3146,1582632
3147,11
3148,241
3149,34377
3150,4288859
3151,3437633
3152,127577
3153,183981
3154,130
3155,7135
3156,510423
3157,3546744
3158,2276470
3159,111053
3160,1824
3161,85
3162,270042
3163,1122329
3164,859763
3165,2130344
3166,106323
3167,14314065
3168,32712504
3169,6129740
3170,11440
3171,4530748
3172,312
3173,1510338
3174,136
3175,413502
3176,29473353
3177,992970
3178,641520
3179,8901
3180,2424
3181,3726664
3182,300026
3183,14368
3184,540550
3185,7435
3186,10369
3187,13972
3188,20
3189,253
3190,699657
3191,9439816
3192,98
3193,180
3194,620
3195,529278
3196,2325403
3197,238414
3198,8735430
3199,236539
3200,94
3201,50009104
3202,754257
3203,59351
3204,1273353
3205,1719301
3206,2123836
3207,214001
3208,1391676
3209,344872
3210,6983479
3211,5789522
3212,213474
3213,699812
3214,986726
3215,1381765
3216,2220997
3217,2118103
3218,2934945
3219,26
3220,177191
3221,91113
3222,759571
3223,308728
3224,35172958
3225,11234087
3226,852006
3227,3408849
3228,1207415
3229,27274883
3230,71354364
3231,1571
3232,1891608
3233,14288
3234,34947
3235,332437
3236,71388400
3237,471512
3238,148276
3239,203584240
3240,9671737
3241,224694
3242,1352
3243,35145352
3244,914
3245,29836701
3246,62783476
3247,203751690
3248,2363378
3249,17719
3250,17
3251,11829
3252,80
3253,245194
3254,2244916
3255,985957
3256,6954243
3257,343767
3258,91
3259,41
3260,49601
3261,15
3262,3097681
3263,36385588
3264,2246
3265,34959
3266,31630062
3267,232239
3268,2391380
3269,1353457
3270,1655
3271,10313519
3272,17289
3273,25663
3274,37395499
3275,735817
3276,23191364
3277,234216
3278,1081005
3279,1268581
3280,76356
3281,3944564
3282,22351149
3283,75673202
3284,674767
3285,16667
3286,2221944
3287,232866
3288,12483452
3289,75
3290,1467171
3291,6651197
3292,1585131
3293,4086913
3294,123724
3295,253323
3296,68617562
3297,2066
3298,306
3299,74414
3300,17040917
3301,372811
3302,287
3303,3350097
3304,4135912
3305,4488020
3306,1366362
3307,981272
3308,263642
3309,42719
3310,63577
3311,99
3312,8041286
3313,25437
3314,487507
3315,2197225
3316,1985129
3317,7558014
3318,2400
3319,218564
3320,796
3321,227036
3322,28
3323,1209948
3324,677887
3325,711682
3326,1820720
3327,1168686
3328,4745719
3329,1335
3330,3275486
3331,55775
3332,7625631
3333,20
3334,68
3335,982371
3336,3410
3337,17590
3338,330166
3339,3689164
3340,13328
3341,7221481
3342,22
3343,4477
3344,50
3345,3566
3346,2271
3347,1470332
3348,113
3349,3987
3350,9808025
3351,32191
3352,6883
3353,282
3354,18
3355,222
3356,605590
3357,16804109
3358,241978
3359,2862370
3360,675023
3361,50
3362,315661
3363,73162
3364,197198
3365,6150551
3366,2525265
3367,817665
3368,321
3369,136536
3370,11101201
3371,2341619
3372,187055
3373,1183
3374,519572
3375,15641357
3376,4619043
3377,2278075
3378,19
3379,7575
3380,26635008
3381,1099804
3382,744064
3383,13196323
3384,129
3385,363548
3386,2295494
3387,574
3388,81459951
3389,1134618
3390,7402
3391,10876183
3392,623547
3393,4180465
3394,10
3395,2349484
3396,29
3397,485091
3398,329347
3399,181569567
3400,26222317
3401,2464568
3402,662043
3403,20333601
3404,1002317
3405,319740
3406,1714150
3407,345785
3408,14347345
3409,22
3410,2970312
3411,701994
3412,126589936
3413,1649421
3414,237865
3415,3498702
3416,664846
3417,19702638
3418,331083
3419,8967
3420,12
3421,247
3422,548064
3423,25198
3424,281547
3425,15
3426,58414
3427,103474
3428,4364966
3429,394729
3430,1462821
3431,24
3432,670821
3433,993227
3434,393008
3435,229170
3436,1654251
3437,3513969
3438,22
3439,849555
3440,17204401
3441,1684638
3442,1374236
3443,946
3444,3220533
3445,9378894
3446,156
3447,4151976
3448,4888747
3449,2844315
3450,21793554
3451,2643567
3452,605152
3453,5639979
3454,2197171
3455,34
3456,23
3457,259088
3458,8438197
3459,1642
3460,1521
3461,407116
3462,474847
3463,29527301
3464,349270
3465,2446745
3466,321752
3467,437158
3468,2360062
3469,21
3470,930
3471,2237143
3472,7057
3473,43
3474,66659
3475,68234718
3476,758937
3477,1765054
3478,3506488
3479,1485674
3480,2467412
3481,22004
3482,27364
3483,31
3484,9669
3485,965
3486,4308089
3487,4000014
3488,2847732
3489,127127
3490,1907
3491,48
3492,26776
3493,4311732
3494,29797922
3495,26498879
3496,2366966
3497,7650849
3498,33253
3499,356
3500,152127368
3501,285075
3502,3068921
3503,31
3504,1301280
3505,181
3506,3857145
3507,6767512
3508,9308810
3509,1422295
3510,1712996
3511,255511
3512,1565372
3513,573485
3514,938949
3515,2282142
3516,98306
3517,2713143
3518,250795
3519,6047725
3520,409223
3521,3192317
3522,2024157
3523,13121040
3524,21
3525,8923
3526,1577160
3527,12834
3528,1561205
3529,312132
3530,1559
3531,2884547
3532,6892389
3533,6991
3534,73744631
3535,75196
3536,32
3537,250106
3538,6072378
3539,28212730
3540,70
3541,2526674
3542,601466
3543,1416721
3544,1695099
3545,2818188
3546,25702816
3547,104860
3548,15746
3549,1524013
3550,1313689
3551,595265
3552,18839933
3553,7508
3554,17254604
3555,87784
3556,22044
3557,2828787
3558,22
3559,189632
3560,199732
3561,238139
3562,144696
3563,11833655
3564,643046
3565,27
3566,296467126
3567,90
3568,305118
3569,492
3570,346015
3571,13360
3572,36028
3573,22349
3574,2867825
3575,1360452
3576,42860
3577,3173576
3578,222587883
3579,1688493
3580,1548220
3581,31421862
3582,7249
3583,453
3584,6373852
3585,12339247
3586,1172
3587,1791479
3588,33
3589,12
3590,1062730
3591,9484295
3592,4210182
3593,1251
3594,35926
3595,1876629
3596,89
3597,199
3598,1193
3599,2451244
3600,49450987
3601,66490225
3602,94
3603,27
3604,164890
3605,168386740
3606,407031
3607,3914
3608,18559010
3609,2937
3610,167071281
3611,1238336
3612,91523977
3613,2265323
3614,869448
3615,377
3616,4883785
3617,3440085
3618,102746
3619,546
3620,26061
3621,295072097
3622,480996
3623,6758223
3624,160644
3625,2098627
3626,2561655
3627,495668
3628,15375
3629,83837
3630,4334584
3631,9165
3632,6333903
3633,485
3634,105
3635,9532
3636,851644
3637,1751450
3638,3068916
3639,7224099
3640,123646
3641,1644864
3642,7134550
3643,4177962
3644,358
3645,1368
3646,1653710
3647,24087320
3648,13902752
3649,56942
3650,5878380
3651,16374056
3652,35987418
3653,9036
3654,584254
3655,33129999
3656,2577197
3657,2365790
3658,165
3659,4
3660,3331065
3661,420385
3662,11128671
3663,4375481
3664,22
3665,2812
3666,28
3667,18445759
3668,74013
3669,53
3670,27898
3671,2256
3672,325881
3673,107946
3674,8178167
3675,618812
3676,91082
3677,450
3678,148583
3679,20933456
3680,2556626
3681,227808
3682,95
3683,752
3684,152503
3685,53
3686,2919883
3687,217188
3688,4847
3689,1847535
3690,20358271
3691,14559053
3692,686937
3693,3492238
3694,19373393
3695,1399799
3696,32552788
3697,1481066
3698,9697
3699,3533095
3700,10550391
3701,76341
3702,13404079
3703,384528
3704,2585293
3705,818884
3706,15578
3707,2011318
3708,6836709
3709,70046
3710,264
3711,6084771
3712,107558
3713,1553
3714,10346594
3715,21967
3716,716935
3717,2528120
3718,88334
3719,3487401
3720,71
3721,56
3722,309
3723,2333164
3724,997820
3725,3708092
3726,1562
3727,93080
3728,275141
3729,2531895
3730,754480
3731,2051118
3732,211433
3733,36
3734,12
3735,183
3736,4117711
3737,944369
3738,285551
3739,217301
3740,1429076
3741,518
3742,79
3743,260
3744,116501
3745,274823
3746,3080977
3747,26
3748,57
3749,7511327
3750,1850031
3751,1012449
3752,10819739
3753,25803851
3754,1543872
3755,58
3756,18
3757,440444
3758,133073592
3759,8744976
3760,542146
3761,15
3762,664634
3763,309
3764,169335
3765,377
3766,134366
3767,27
3768,22575652
3769,662613
3770,32102
3771,1284010
3772,10738
3773,15793673
3774,49
3775,13
3776,2978096
3777,565253
3778,905976
3779,29340
3780,2926146
3781,1012963
3782,15021
3783,8560529
3784,8133383
3785,2922414
3786,130207
3787,15
3788,49
3789,1995337
3790,7018063
3791,11519150
3792,153808
3793,22636522
3794,183549
3795,1601
3796,72790
3797,41651421
3798,778013
3799,1107330
3800,276709
3801,779348
3802,3793377
3803,1454086
3804,40
3805,19
3806,18845308
3807,172794
3808,389583
3809,1096547
3810,8300172
3811,7781620
3812,718964
3813,61652449
3814,280
3815,357187
3816,22
3817,33
3818,1018
3819,22
3820,596040
3821,329219
3822,15
3823,4306678
3824,1365
3825,72
3826,30
3827,6378754
3828,69428
3829,4071209
3830,91
3831,69189
3832,388587
3833,2070
3834,129967
3835,1966989
3836,686654
3837,3950984
3838,385731
3839,100
3840,22
3841,346288
3842,22819265
3843,89330970
3844,2036311
3845,2894
3846,2782539
3847,21605633
3848,1891693
3849,36162
3850,64181
3851,23378329
3852,137668
3853,11907843
3854,586820
3855,62175
3856,30465062
3857,20345877
3858,12502993
3859,16
3860,80424288
3861,988389
3862,3793712
3863,200356
3864,211265
3865,690578
3866,139602
3867,3663
3868,2198863
3869,11217
3870,96
3871,93570
3872,5828486
3873,168326
3874,4806
3875,17
3876,13
3877,1790348
3878,989170
3879,356640
3880,93
3881,332186
3882,281485
3883,690
3884,23319729
3885,47474
3886,88985
3887,72019925
3888,2781667
3889,463
3890,2714140
3891,1444
3892,113886
3893,10182
3894,1500430
3895,7236557
3896,446835
3897,42
3898,3667777
3899,239575
3900,8918876
3901,29005
3902,56
3903,11973981
3904,35080
3905,637620
3906,210
3907,20553493
3908,6199
3909,3688537
3910,976336
3911,512120
3912,24968
3913,17776
3914,10628274
3915,32
3916,129565
3917,240170
3918,17391719
3919,2275033
3920,4413367
3921,1433234
3922,2767553
3923,16
3924,207414
3925,165003
3926,21
3927,153015932
3928,160892
3929,781405
3930,805125
3931,373624
3932,77
3933,18259680
3934,2810
3935,3415594
3936,5514182
3937,590473
3938,96455
3939,658105
3940,13824879
3941,412757
3942,11817772
3943,129745
3944,1286981
3945,6132358
3946,4250
3947,46
3948,2477425
3949,112259
3950,65352
3951,1197193
3952,3304039
3953,27843
3954,494479
3955,73046
3956,744008
3957,393925
3958,27561094
3959,521651
3960,6248
3961,128491319
3962,836210
3963,7199253
3964,600929
3965,2309417
3966,1583280
3967,65103606
3968,5702322
3969,4229751
3970,774824
3971,140483
3972,306215
3973,12098
3974,24901114
3975,7736767
3976,22163049
3977,12946890
3978,9374
3979,1151924
3980,3194473
3981,1540825
3982,3537566
3983,6595126
3984,116140
3985,631312
3986,16
3987,21285191
3988,84
3989,80
3990,204680379
3991,35921
3992,6046331
3993,327620
3994,13908796
3995,2406263
3996,6385941
3997,395
3998,528467
3999,114503
4000,92068
4001,3638
4002,89
4003,18085
4004,3481032
4005,3135530
4006,3669
4007,91
4008,1753029
4009,210618
4010,1385434
4011,1419021
4012,712176
4013,554609
4014,66144
4015,42037167
4016,223
4017,56759
4018,790279
4019,13793539
4020,1127468
4021,124096
4022,954174
4023,8627562
4024,94268
4025,618
4026,7545758
4027,2676
4028,182641
4029,3684676
4030,365182
4031,1102013
4032,26408361
4033,1234017
4034,10179273
4035,841879
4036,5523615
4037,1152798
4038,208252
4039,372997
4040,3192841
4041,12683
4042,315756
4043,122
4044,22302699
4045,5016226
4046,5489839
4047,406851
4048,491486
4049,28067
4050,66
4051,710282
4052,545265
4053,4728373
4054,706888
4055,4097571
4056,43
4057,10074525
4058,1047047
4059,86756845
4060,66518
4061,6097677
4062,2479228
4063,858
4064,13755253
4065,220599669
4066,68787
4067,125
4068,7477
4069,9880117
4070,37944
4071,1684764
4072,548853
4073,190
4074,119303
4075,35108
4076,711093
4077,7339365
4078,6093217
4079,49
4080,1608153
4081,4435406
4082,4052891
4083,547632
4084,366407
4085,61
4086,1674
4087,29333
4088,2372368
4089,1144376
4090,545
4091,16020
4092,17587
4093,260042
4094,1016405
4095,6324
4096,25498013
4097,71
4098,7552559
4099,4005944
4100,1284907
4101,3916304
4102,124117
4103,8764345
4104,3647
4105,14713630
4106,119778
4107,526
4108,235
4109,367758
4110,10963389
4111,5668291
4112,207008373
4113,30088403
4114,25075080
4115,1490682
4116,51405
4117,1084552
4118,40957
4119,11548866
4120,318628
4121,38630
4122,738747
4123,856418
4124,61183
4125,1691711
4126,753293
4127,49
4128,99057
4129,4765915
4130,4560998
4131,1181076
4132,46424
4133,69086
4134,351104
4135,2553662
4136,12647073
4137,32426
4138,163175
4139,4840
4140,40567253
4141,15202409
4142,10463561
4143,1185516
4144,125631
4145,1843
4146,2172
4147,85605
4148,16547
4149,61225008
4150,39
4151,7319912
4152,242160
4153,1159716
4154,8782146
4155,59
4156,3224492
4157,93
4158,13534266
4159,283
4160,3109271
4161,119968
4162,10301469
4163,975813
4164,2887561
4165,10650088
4166,17397489
4167,21901244
4168,633056
4169,2119861
4170,52
4171,206
4172,4751422
4173,31948521
4174,524189
4175,8174605
4176,21
4177,214485
4178,110
4179,12982601
4180,2686660
4181,20
4182,916076
4183,2089381
4184,9169959
4185,65320
4186,71406
4187,4793659
4188,36
4189,609484
4190,343
4191,40521
4192,113433
4193,68539
4194,78
4195,332342174
4196,106810
4197,228341
4198,15234474
4199,4547743
4200,77
4201,133278
4202,231
4203,533401
4204,8216909
4205,13652855
4206,58379579
4207,1405557
4208,97034
4209,10200093
4210,34629
4211,72281
4212,1355964
4213,1169
4214,4672448
4215,1189763
4216,399723
4217,27418898
4218,2229742
4219,5168
4220,897217
4221,749659
4222,54195301
4223,895
4224,8562635
4225,1231387
4226,3859035
4227,51095
4228,17
4229,8466297
4230,12553341
4231,423433
4232,3125851
4233,9830541
4234,7750854
4235,36512
4236,1993874
4237,402799
4238,79
4239,6933
4240,66
4241,72
4242,21523409
4243,1018488
4244,526250
4245,28504048
4246,387387
4247,312849
4248,804987
4249,776467
4250,776609
4251,270
4252,113908883
4253,20827141
4254,226628
4255,23
4256,128
4257,204238
4258,422
4259,1275765
4260,237411
4261,7231785
4262,21395852
4263,220785054
4264,39
4265,25546
4266,46944
4267,24194822
4268,1746667
4269,3469803
4270,3887295
4271,1158005
4272,143950
4273,334595
4274,33123308
4275,13065961
4276,33750295
4277,5809
4278,612806
4279,12148709
4280,12561301
4281,20
4282,2912759
4283,337279
4284,20
4285,2632808
4286,6648420
4287,3628533
4288,43
4289,587861
4290,22769875
4291,5899153
4292,8935100
4293,86704
4294,48
4295,21901363
4296,2846083
4297,2180483
4298,10811216
4299,6051131
4300,1891693
4301,3029178
4302,3605932
4303,2372989
4304,28
4305,27
4306,110800
4307,68040
4308,9365174
4309,10580272
4310,1273558
4311,23309
4312,15317
4313,131571
4314,5224
4315,4270036
4316,157873
4317,18
4318,34179681
4319,754
4320,35176
4321,1706564
4322,589999
4323,188761940
4324,1215
4325,736461
4326,18798
4327,16
4328,82
4329,825817
4330,15642299
4331,397063
4332,746319
4333,2717424
4334,56
4335,22991695
4336,7188916
4337,319461477
4338,37673569
4339,26879795
4340,4692034
4341,32970
4342,993606
4343,273712
4344,3674180
4345,12595433
4346,22289
4347,27763599
4348,2080
4349,182994
4350,48548028
4351,20
4352,428157
4353,111634
4354,128
4355,11757
4356,857419
4357,27528255
4358,12898574
4359,325582
4360,977009
4361,67375
4362,29435
4363,16747380
4364,11381397
4365,6701815
4366,2326382
4367,3189824
4368,3403
4369,190340
4370,7560031
4371,15
4372,2411983
4373,6255
4374,506
4375,209366
4376,925927
4377,113024
4378,1596950
4379,8786
4380,1513603
4381,7854
4382,33117
4383,5477016
4384,171
4385,7287465
4386,753019
4387,297008
4388,1581736
4389,148339
4390,2092846
4391,1284588
4392,13
4393,2178858
4394,1034
4395,2239557
4396,479
4397,33983398
4398,371464
4399,767747
4400,443722
4401,1935458
4402,552
4403,1632549
4404,190073
4405,30594
4406,1572
4407,114570
4408,2710629
4409,9780
4410,1495230
4411,1280077
4412,61
4413,244869
4414,229
4415,4223795
4416,60201900
4417,45
4418,55820
4419,1041403
4420,2097095
4421,9657169
4422,124349
4423,114995
4424,1029518
4425,16713033
4426,62
4427,1093244
4428,298
4429,13
4430,238
4431,58366
4432,5265989
4433,22
4434,5184482
4435,477734
4436,679
4437,1213
4438,217430
4439,417
4440,176931
4441,112034
4442,148
4443,1820283
4444,148
4445,26131988
4446,5711
4447,20330
4448,1894115
4449,2408494
4450,132195
4451,588
4452,2511
4453,223
4454,9045085
4455,26392
4456,2617511
4457,14102
4458,18138
4459,37
4460,21
4461,145559
4462,6752875
4463,578
4464,96683
4465,1173509
4466,3290166
4467,31360065
4468,1046
4469,2841308
4470,2727614
4471,407015
4472,6478312
4473,4559
4474,2325403
4475,289
4476,1335001
4477,37814
4478,3464918
4479,1021
4480,5030246
4481,1461
4482,495685
4483,4795594
4484,9388038
4485,1275947
4486,78
4487,290009
4488,231224292
4489,3025429
4490,6227
4491,60343822
4492,1121
4493,57856
4494,26834
4495,30032702
4496,12611830
4497,40
4498,533534
4499,116
4500,1161988
4501,23
4502,26
4503,52882
4504,61793499
4505,9200
4506,3467531
4507,60
4508,5933701
4509,9910404
4510,38
4511,26
4512,138
4513,2561655
4514,129053
4515,179
4516,17
4517,73
4518,52
4519,1412803
4520,57
4521,3433416
4522,1231009
4523,14
4524,22859726
4525,3980455
4526,14862
4527,130535
4528,1859693
4529,595638
4530,50
4531,96832469
4532,3127249
4533,738249
4534,212074
4535,845027
4536,89
4537,33
4538,5594828
4539,1066549
4540,16
4541,62987778
4542,33379546
4543,32286198
4544,24221633
4545,67
4546,12533493
4547,23967
4548,954841
4549,1510435
4550,4068692
4551,24
4552,1776
4553,20862843
4554,3658
4555,1162675
4556,1229871
4557,4178469
4558,1140264
4559,1039001
4560,97038
4561,47
4562,53
4563,80082417
4564,19
4565,88661
4566,153498998
4567,207318382
4568,335006
4569,123602
4570,146719
4571,9746566
4572,87
4573,3609393
4574,10879
4575,1908
4576,225315164
4577,62944690
4578,93229
4579,13161
4580,5748
4581,8176372
4582,9297321
4583,16515
4584,1102394
4585,70008
4586,32911
4587,38471
4588,20
4589,9784146
4590,2953924
4591,77147
4592,1227503
4593,33507085
4594,869770
4595,3190854
4596,9609180
4597,90
4598,129689
4599,75747
4600,25938028
4601,147821
4602,3563967
4603,5111213
4604,2658045
4605,229671
4606,104
4607,10851929
4608,233021
4609,37812
4610,585796
4611,1389599
4612,354798
4613,19
4614,4693062
4615,55364
4616,253
4617,3401835
4618,1241021
4619,39
4620,21324
4621,34
4622,34201
4623,3241129
4624,5279
4625,59
4626,21876973
4627,3300
4628,142
4629,95
4630,36
4631,6174111
4632,4072
4633,7292
4634,34
4635,367
4636,86805
4637,3578328
4638,722657
4639,3438867
4640,39
4641,968402
4642,131782253
4643,1247687
4644,96
4645,8072869
4646,4301
4647,89
4648,200504
4649,1241641
4650,25490257
4651,12811
4652,9431946
4653,9549
4654,461512
4655,241
4656,449311
4657,191
4658,96696629
4659,2312
4660,20033
4661,150970
4662,10966
4663,27311694
4664,162
4665,2328381
4666,1616
4667,1438136
4668,153154
4669,8242
4670,4134
4671,17357067
4672,54
4673,3790250
4674,1212348
4675,2251
4676,19011081
4677,52483544
4678,45
4679,55051
4680,10585790
4681,228855
4682,91594
4683,723095
4684,132
4685,1799970
4686,224
4687,8479312
4688,1490455
4689,375076
4690,113704
4691,297577
4692,4385043
4693,32656
4694,5650233
4695,56273
4696,460390
4697,4319629
4698,22
4699,76591
4700,10636
4701,422944
4702,437
4703,1975348
4704,2019902
4705,48
4706,1846
4707,6655938
4708,855721
4709,21884908
4710,580713
4711,1889930
4712,495081
4713,90330
4714,2008093
4715,260098
4716,47
4717,43178
4718,7013589
4719,705660
4720,1257866
4721,49
4722,2319066
4723,32
4724,10676842
4725,2029538
4726,79460
4727,427315
4728,822
4729,49111790
4730,1351106
4731,1952556
4732,2240906
4733,25238143
4734,3129078
4735,252
4736,2327676
4737,16122442
4738,8698849
4739,20467645
4740,64472089
4741,2
4742,9460923
4743,4520011
4744,1443936
4745,7265500
4746,59391
4747,47
4748,2524171
4749,18876
4750,720
4751,7128346
4752,37552
4753,403903
4754,4160
4755,579165
4756,76
4757,117041
4758,2282593
4759,4643713
4760,132967
4761,109117
4762,682443
4763,13648370
4764,358356
4765,10074881
4766,283034
4767,1964940
4768,231998
4769,12745360
4770,160172133
4771,1095163
4772,2366566
4773,71778098
4774,28
4775,616
4776,18
4777,1372022
4778,6333446
4779,16228
4780,8080
4781,217482
4782,1917107
4783,30691812
4784,723607
4785,31
4786,382445
4787,257
4788,17
4789,66987836
4790,12372146
4791,1873231
4792,14408841
4793,132
4794,257
4795,2947136
4796,34
4797,59
4798,9903293
4799,6072354
4800,1248543
4801,3566
4802,326
4803,128983238
4804,4828
4805,29
4806,271675
4807,10449846
4808,2938740
4809,200
4810,1084227
4811,42055259
4812,205421361
4813,436970
4814,81462
4815,15
4816,37865298
4817,1261
4818,1297892
4819,7817171
4820,63
4821,70902
4822,671300
4823,1540402
4824,1050270
4825,24
4826,576039
4827,50
4828,46
4829,3652503
4830,136046
4831,132
4832,387
4833,8
4834,1223328
4835,119927
4836,2172
4837,443537
4838,24951
4839,51
4840,4325345
4841,199425227
4842,5587
4843,5702801
4844,160915
4845,49099
4846,22547289
4847,173574690
4848,7974436
4849,6055338
4850,35891
4851,1127701
4852,953539
4853,3151890
4854,237
4855,326
4856,747131
4857,236
4858,1366087
4859,746500
4860,2356867
4861,50176
4862,19387334
4863,2316156
4864,17884
4865,50
4866,892234
4867,2414329
4868,46
4869,86
4870,3025429
4871,4189892
4872,14168
4873,14855
4874,37101629
4875,16622747
4876,59
4877,4232684
4878,427
4879,14546973
4880,2219064
4881,93002806
4882,1919922
4883,3304092
4884,2259551
4885,182248
4886,3461035
4887,2995753
4888,77
4889,62969660
4890,6428452
4891,451119
4892,1954826
4893,15449647
4894,10277136
4895,5559
4896,62
4897,95
4898,59367
4899,24
4900,166107
4901,1601982
4902,7461
4903,1936845
4904,445789
4905,5670800
4906,238
4907,76465
4908,7931304
4909,115450
4910,1697347
4911,154744
4912,4451317
4913,74469710
4914,13720
4915,294231
4916,4532122
4917,9254
4918,14296663
4919,19448292
4920,1187874
4921,20
4922,32
4923,650701
4924,1928321
4925,63
4926,60435158
4927,19869317
4928,172057
4929,1348080
4930,13272522
4931,142
4932,21
4933,10966910
4934,185277
4935,182885
4936,23127930
4937,109177923
4938,22
4939,77167795
4940,42
4941,173903
4942,31317883
4943,63
4944,522747
4945,16977401
4946,98
4947,602
4948,9812588
4949,22648212
4950,4925008
4951,4447
4952,1340
4953,7878
4954,246
4955,675
4956,267067
4957,3098992
4958,72849
4959,29
4960,35
4961,73319
4962,1152606
4963,1173281
4964,82781
4965,61966
4966,1917744
4967,492006
4968,11240
4969,1024486
4970,29513119
4971,188992740
4972,26049
4973,20060342
4974,27
4975,322
4976,112373
4977,26082
4978,2578024
4979,2504975
4980,14
4981,3826308
4982,38
4983,275
4984,3158725
4985,1688043
4986,5632
4987,429830
4988,3345
4989,264
4990,529974
4991,172770
4992,2169
4993,21619
4994,74856
4995,56192436
4996,244038
4997,18682198
4998,1005306
4999,1219175
5000,116493443
